IDtrajet,Tags,Ville de Départ,Ville d'arrivée,A partir du,Jusqu'au,Client,Véhicule,Distance / Durée,Devis,Prix,Actions,Départ_Pays,Départ_Latitude,Départ_Longitude,Arrivé_Pays,Arrivé_Latitude,Arrivé_Longitude
735003,aller,Asse (BE17),Asse (BE17),14/03/2024 à 09:00,14/03/2024 à 10:15,ASTARA WESTERN EUROPE,16m3100% Electrique,5 km00h15,0-2,~ 21€ PRESTATION,Accéder, FR44,50.9094333,4.2015646,,50.9094333,4.2015646
735001,aller,Asse (BE17),Asse (BE17),14/03/2024 à 09:00,14/03/2024 à 10:00,ASTARA WESTERN EUROPE,16m3100% Electrique,5 km00h15,0-2,~ 21€ PRESTATION,Accéder, FR35,50.9094333,4.2015646,,50.9094333,4.2015646
734999,aller,Asse (BE17),Asse (BE17),14/03/2024 à 09:00,14/03/2024 à 10:15,ASTARA WESTERN EUROPE,16m3100% Electrique,5 km00h15,0-2,~ 21€ PRESTATION,Accéder, FR33,50.9094333,4.2015646,,50.9094333,4.2015646
735001,aller,Asse (BE17),Asse (BE17),14/03/2024 à 09:00,14/03/2024 à 10:00,ASTARA WESTERN EUROPE,16m3100% Electrique,5 km00h15,0-2,~ 21€ PRESTATION,Accéder, FR44,50.9094333,4.2015646,,50.9094333,4.2015646
734999,aller,Asse (BE17),Asse (BE17),14/03/2024 à 09:00,14/03/2024 à 10:15,ASTARA WESTERN EUROPE,16m3100% Electrique,5 km00h15,0-2,~ 21€ PRESTATION,Accéder, FR33,50.9094333,4.2015646,,50.9094333,4.2015646
734995,aller,Asse (BE17),Asse (BE17),14/03/2024 à 09:00,14/03/2024 à 10:00,ASTARA WESTERN EUROPE,16m3100% Electrique,5 km00h15,0-2,~ 21€ PRESTATION,Accéder, BE32,50.9094333,4.2015646,,50.9094333,4.2015646
734993,aller,Asse (BE17),Asse (BE17),14/03/2024 à 09:00,14/03/2024 à 10:00,ASTARA WESTERN EUROPE,16m3100% Electrique,5 km00h15,0-2,~ 21€ PRESTATION,Accéder, FR67,50.9094333,4.2015646,,50.9094333,4.2015646
734990,aller,Asse (BE17),Asse (BE17),13/03/2024 à 09:00,13/03/2024 à 11:00,ASTARA WESTERN EUROPE,16m3100% Electrique,5 km00h15,0-2,~ 21€ PRESTATION,Accéder, FR67,50.9094333,4.2015646,,50.9094333,4.2015646
734988,aller,Asse (BE17),Asse (BE17),13/03/2024 à 09:00,13/03/2024 à 10:45,ASTARA WESTERN EUROPE,16m3100% Electrique,5 km00h15,0-2,~ 21€ PRESTATION,Accéder, FR67,50.9094333,4.2015646,,50.9094333,4.2015646
734986,aller,Asse (BE17),Asse (BE17),13/03/2024 à 09:00,13/03/2024 à 10:45,ASTARA WESTERN EUROPE,16m3100% Electrique,5 km00h15,0-2,~ 21€ PRESTATION,Accéder, FR57,50.9094333,4.2015646,,50.9094333,4.2015646
734984,aller,Asse (BE17),Asse (BE17),13/03/2024 à 09:00,13/03/2024 à 10:45,ASTARA WESTERN EUROPE,16m3100% Electrique,5 km00h15,0-2,~ 21€ PRESTATION,Accéder, BE35,50.9094333,4.2015646,,50.9094333,4.2015646
734900,aller,Asse (BE17),Asse (BE17),15/03/2024 à 09:00,15/03/2024 à 10:00,ASTARA WESTERN EUROPE,16m3100% Electrique,5 km00h15,0-2,~ 21€ PRESTATION,Accéder, FR76,50.9094333,4.2015646,,50.9094333,4.2015646
734805,aller,Dourdan (FR91),Marly-la-ville (FR95),12/03/2024 à 08:30 Rdv 8:30-9:30,13/03/2024 à 10:00,GROUPE RCM,BerlineHybride,89 km01h30,0-2,~ 44€ PRESTATION,Accéder, BE28,48.5288442,2.0153689,,49.0823913,2.5034402
734761,aller,Nice (FR06),Mougins (FR06),18/03/2024 à 08:30,18/03/2024 à 12:00 Rdv 10:00-12:00,VGRF - PLAQUE SUD,BerlineHybride,31 km00h45,03-mai,~ 32€ PRESTATION,Accéder, BE78,43.7009358,7.2683912,,43.6008898,6.9963543
734656,aller,Péronne (FR80),Boulogne-sur-mer (FR62),14/03/2024 à 09:00,14/03/2024 à 12:00,GUEUDET,SuvThermique,165 km02h00,6+,~ 47€ PRESTATION,Accéder, FR54,49.9289578,2.9321899,,50.7259985,1.6118771
734651,aller,Péronne (FR80),Boulogne-sur-mer (FR62),13/03/2024 à 09:00,13/03/2024 à 12:00,GUEUDET,SuvThermique,165 km02h00,03-mai,~ 47€ PRESTATION,Accéder, FR67,49.9289578,2.9321899,,50.7259985,1.6118771
734643,aller,Péronne (FR80),Boulogne-sur-mer (FR62),12/03/2024 à 09:00,12/03/2024 à 12:00,GUEUDET,SuvThermique,165 km02h00,03-mai,~ 47€ PRESTATION,Accéder, BE19,49.9289578,2.9321899,,50.7259985,1.6118771
734498,aller,Poitiers (FR86),Saint-cyr-sur-loire (FR37),22/03/2024 à 08:30 Rdv 8:30-9:30,22/03/2024 à 15:00 Rdv 14:00-15:00,EMIL FREY - ABCIS POITOU,BerlineHybride,106 km01h15,03-mai,~ 41€ PRESTATION,Accéder, BE19,46.5802596,0.340196,,47.4052448,0.6658199
734482,aller,Nîmes (FR30),Agen (FR47),13/03/2024 à 09:00,13/03/2024 à 16:00 Rdv 14:00-16:00,BASTIDE,MonospaceThermique,401 km04h00,6+,~ 70€ PRESTATION,Accéder, BE92,43.8374249,4.3600687,,44.2015827,0.6176112
734479,aller,Saint-quentin (FR02),Attin (FR62),19/03/2024 à 09:00,19/03/2024 à 12:00,GUEUDET,SuvThermique,176 km02h00,6+,~ 48€ PRESTATION,Accéder,FR68),49.8465253,3.2876843,,50.4878746,1.7437837
734383,aller,Wavrin (FR59),Paris (FR75),12/03/2024 à 08:30,12/03/2024 à 16:00 Rdv 14:00-16:00,ARVAL RESTITUTION,SuvHybride,221 km02h45,03-mai,~ 52€ PRESTATION,Accéder,BE20),50.570559,2.932545,,48.8534951,2.3483915
734373,aller,Villevêque (FR49),Paris (FR75),18/03/2024 à 10:00,18/03/2024 à 16:00 Rdv 14:00-16:00,ARVAL RESTITUTION,CitadineThermique,284 km03h00,03-mai,~ 59€ PRESTATION,Accéder,FR69),47.5601026,-0.4230772,,48.8534951,2.3483915
734361,aller,Ambérieu-en-bugey (FR01),Besançon (FR25),19/03/2024 à 08:30,19/03/2024 à 13:00 Rdv 11:00-13:00,ARVAL RESTITUTION,BerlineThermique,209 km02h15,6+,~ 51€ PRESTATION,Accéder,FR38),45.9584309,5.3595099,,47.2380222,6.0243622
734357,aller,Ambérieu-en-bugey (FR01),Besançon (FR25),21/03/2024 à 08:30,21/03/2024 à 12:00 Rdv 10:00-12:00,ARVAL RESTITUTION,BerlineThermique,209 km02h15,6+,~ 51€ PRESTATION,Accéder,FR38),45.9584309,5.3595099,,47.2380222,6.0243622
734351,aller,Villevêque (FR49),Nantes (FR44),20/03/2024 à 08:30,20/03/2024 à 12:00 Rdv 10:00-12:00,ARVAL RESTITUTION,BerlineThermique,106 km01h15,03-mai,~ 41€ PRESTATION,Accéder,BE43),47.5601026,-0.4230772,,47.2186371,-1.5541362
734347,aller,Avrigny (FR60),Paris (FR75),12/03/2024 à 10:00,12/03/2024 à 17:00 Rdv 15:00-17:00,ARVAL RESTITUTION,BerlineThermique,90 km01h30,6+,~ 39€ PRESTATION,Accéder,FR06),49.3817833,2.57932,,48.8534951,2.3483915
734336,aller,Miramas (FR13),Auzeville-tolosane (FR31),13/03/2024 à 09:00,13/03/2024 à 16:00 Rdv 14:00-16:00,ARVAL RESTITUTION,CitadineThermique,348 km03h30,6+,~ 65€ PRESTATION,Accéder,BE17),43.582733,5.0025809,,43.5292199,1.4829226
734328,aller,Forbach (FR57),Mundolsheim (FR67),12/03/2024 à 12:00,12/03/2024 à 16:00 Rdv 14:00-16:00,ARVAL RESTITUTION,SuvHybride,120 km01h30,0-2,~ 42€ PRESTATION,Accéder,BE71),49.1862822,6.8958562,,48.6416216,7.7150066
734326,aller,Forbach (FR57),Paris (FR75),12/03/2024 à 09:00,12/03/2024 à 16:00 Rdv 14:00-16:00,ARVAL RESTITUTION,BreakThermique,386 km04h00,03-mai,~ 69€ PRESTATION,Accéder,FR94),49.1862822,6.8958562,,48.8534951,2.3483915
734323,aller,Valenton (FR94),Paris (FR75),13/03/2024 à 08:30,13/03/2024 à 12:00 Rdv 10:00-12:00,ARVAL RESTITUTION,CitadineThermique,21 km00h45,6+,~ 25€ PRESTATION,Accéder,BE32),48.7443189,2.4699741,,48.8534951,2.3483915
734321,aller,Ambérieu-en-bugey (FR01),Lyon (FR69),13/03/2024 à 08:30,13/03/2024 à 13:00 Rdv 11:00-13:00,ARVAL RESTITUTION,SuvThermique,58 km01h00,6+,~ 33€ PRESTATION,Accéder,FR67),45.9584309,5.3595099,,45.7578137,4.8320114
734311,aller,Villevêque (FR49),Poitiers (FR86),15/03/2024 à 10:00,15/03/2024 à 16:00 Rdv 14:00-16:00,ARVAL RESTITUTION,BerlineThermique,202 km02h15,03-mai,~ 51€ PRESTATION,Accéder,FR83),47.5601026,-0.4230772,,46.5802596,0.340196
734303,aller,Miramas (FR13),Saint-raphaël (FR83),12/03/2024 à 10:00,12/03/2024 à 17:00 Rdv 15:00-17:00,ARVAL RESTITUTION,BerlineThermique,165 km02h00,6+,~ 47€ PRESTATION,Accéder,BE85),43.582733,5.0025809,,45.3043079,1.0747165
734301,aller,Forbach (FR57),Offendorf (FR67),12/03/2024 à 09:00,12/03/2024 à 12:00 Rdv 10:00-12:00,ARVAL RESTITUTION,CitadineThermique,132 km01h30,0-2,~ 44€ PRESTATION,Accéder,FR60),49.1862822,6.8958562,,48.7118236,7.9123631
734297,aller,Castelnau-d'estrétefonds (FR31),Bordeaux (FR33),19/03/2024 à 10:00,19/03/2024 à 16:00 Rdv 14:00-16:00,ARVAL RESTITUTION,CitadineThermique,227 km02h15,6+,~ 53€ PRESTATION,Accéder,FR88),43.78251,1.3590892,,44.841225,-0.5800364
734294,aller,Castelnau-d'estrétefonds (FR31),Limoges (FR87),13/03/2024 à 10:00,13/03/2024 à 16:00 Rdv 14:00-16:00,ARVAL RESTITUTION,CitadineThermique,267 km02h45,6+,~ 57€ PRESTATION,Accéder,FR60),43.78251,1.3590892,,45.8354243,1.2644847
734283,aller,Ambérieu-en-bugey (FR01),Belfort (FR90),13/03/2024 à 10:00,13/03/2024 à 16:00 Rdv 14:00-16:00,ARVAL RESTITUTION,BerlineThermique,294 km03h00,03-mai,~ 60€ PRESTATION,Accéder,FR54),45.9584309,5.3595099,,47.6379599,6.8628942
734281,aller,Ambérieu-en-bugey (FR01),Belfort (FR90),29/03/2024 à 10:00,29/03/2024 à 16:00 Rdv 14:00-16:00,ARVAL RESTITUTION,BerlineThermique,294 km03h00,6+,~ 60€ PRESTATION,Accéder,FR54),45.9584309,5.3595099,,47.6379599,6.8628942
734265,aller,Castelnau-d'estrétefonds (FR31),Bayonne (FR64),12/03/2024 à 10:00 Rdv 10:00-15:00,13/03/2024 à 11:00 Rdv 9:00-11:00,ARVAL RESTITUTION,BerlineThermique,318 km03h00,6+,~ 62€ PRESTATION,Accéder,FR54),43.78251,1.3590892,,43.4945144,-1.4736657
734249,aller,Valenton (FR94),Nantes (FR44),19/03/2024 à 10:00 Rdv 10:00-15:00,20/03/2024 à 11:00 Rdv 9:00-11:00,ARVAL RESTITUTION,BerlineThermique,386 km03h45,6+,~ 69€ PRESTATION,Accéder,ES41),48.7443189,2.4699741,,47.2186371,-1.5541362
734244,aller,Valenton (FR94),Cherbourg (FR50),12/03/2024 à 09:00,12/03/2024 à 16:00 Rdv 14:00-16:00,ARVAL RESTITUTION,BerlineThermique,379 km04h00,03-mai,~ 68€ PRESTATION,Accéder,FR62),48.7443189,2.4699741,,49.6425343,-1.6249565
734237,aller,Villevêque (FR49),Nantes (FR44),20/03/2024 à 08:30,20/03/2024 à 12:00 Rdv 10:00-12:00,ARVAL RESTITUTION,BerlineThermique,106 km01h15,03-mai,~ 41€ PRESTATION,Accéder,FR59),47.5601026,-0.4230772,,47.2186371,-1.5541362
734232,aller,Villevêque (FR49),Caen (FR14),18/03/2024 à 08:30,18/03/2024 à 13:00 Rdv 11:00-13:00,ARVAL RESTITUTION,BerlineThermique,236 km02h30,03-mai,~ 54€ PRESTATION,Accéder,FR62),47.5601026,-0.4230772,,49.1813403,-0.3635615
734230,aller,Forbach (FR57),Strasbourg (FR67),13/03/2024 à 09:00,13/03/2024 à 12:00 Rdv 10:00-12:00,ARVAL RESTITUTION,12m3Thermique,124 km01h30,03-mai,~ 43€ PRESTATION,Accéder,FR44),49.1862822,6.8958562,,48.584614,7.7507127
734227,aller,Forbach (FR57),Metz (FR57),12/03/2024 à 10:00,12/03/2024 à 16:00 Rdv 14:00-16:00,ARVAL RESTITUTION,12m3Thermique,60 km00h45,0-2,~ 34€ PRESTATION,Accéder,FR71),49.1862822,6.8958562,,49.1196964,6.1763552
734223,aller,Forbach (FR57),Nancy (FR54),19/03/2024 à 10:00,19/03/2024 à 17:00 Rdv 15:00-17:00,ARVAL RESTITUTION,12m3Thermique,112 km01h30,0-2,~ 42€ PRESTATION,Accéder,FR59),49.1862822,6.8958562,,48.6937223,6.1834097
734216,aller,Valenton (FR94),Caen (FR14),19/03/2024 à 08:30,19/03/2024 à 13:00 Rdv 11:00-13:00,ARVAL RESTITUTION,12m3Thermique,257 km02h45,6+,~ 56€ PRESTATION,Accéder,BE20),48.7443189,2.4699741,,49.1813403,-0.3635615
734205,aller,Ambérieu-en-bugey (FR01),Besançon (FR25),20/03/2024 à 10:00,20/03/2024 à 16:00 Rdv 14:00-16:00,ARVAL RESTITUTION,12m3Thermique,209 km02h15,6+,~ 51€ PRESTATION,Accéder,BE10),45.9584309,5.3595099,,47.2380222,6.0243622
734203,aller,Wavrin (FR59),Nantes (FR44),19/03/2024 à 10:00 Rdv 10:00-15:00,20/03/2024 à 11:00 Rdv 9:00-11:00,ARVAL RESTITUTION,BerlineThermique,595 km06h00,6+,~ 90€ PRESTATION,Accéder,BE20),50.570559,2.932545,,47.2186371,-1.5541362
734201,aller,Wavrin (FR59),Nantes (FR44),19/03/2024 à 10:00 Rdv 10:00-15:00,20/03/2024 à 11:00 Rdv 9:00-11:00,ARVAL RESTITUTION,BerlineThermique,595 km06h00,6+,~ 90€ PRESTATION,Accéder,BE85),50.570559,2.932545,,47.2186371,-1.5541362
734186,aller,Castelnau-d'estrétefonds (FR31),Toulouse (FR31),15/03/2024 à 09:00,15/03/2024 à 12:00 Rdv 10:00-12:00,ARVAL RESTITUTION,BerlineThermique,27 km00h45,6+,~ 26€ PRESTATION,Accéder,FR94),43.78251,1.3590892,,43.6044622,1.4442469
734172,aller,Valenton (FR94),Caen (FR14),13/03/2024 à 08:30,13/03/2024 à 13:00 Rdv 11:00-13:00,ARVAL RESTITUTION,SuvThermique,257 km02h45,6+,~ 56€ PRESTATION,Accéder,FR75),48.7443189,2.4699741,,49.1813403,-0.3635615
734170,aller,Miramas (FR13),Saint-clément-de-rivière (FR34),12/03/2024 à 09:00,12/03/2024 à 12:00 Rdv 10:00-12:00,ARVAL RESTITUTION,BerlineThermique,119 km01h30,03-mai,~ 42€ PRESTATION,Accéder,FR75),43.582733,5.0025809,,43.6843999,3.8466598
734167,aller,Miramas (FR13),Nice (FR06),18/03/2024 à 10:00,18/03/2024 à 16:00 Rdv 14:00-16:00,ARVAL RESTITUTION,BerlineThermique,221 km02h30,6+,~ 52€ PRESTATION,Accéder,FR75),43.582733,5.0025809,,43.7009358,7.2683912
734142,aller,Valenton (FR94),Cherbourg (FR50),12/03/2024 à 09:00,12/03/2024 à 16:00 Rdv 14:00-16:00,ARVAL RESTITUTION,12m3Thermique,379 km04h00,0-2,~ 68€ PRESTATION,Accéder,FR36),48.7443189,2.4699741,,49.6425343,-1.6249565
734114,aller,Castelnau-d'estrétefonds (FR31),Poitiers (FR86),14/03/2024 à 09:00,14/03/2024 à 16:00 Rdv 14:00-16:00,ARVAL RESTITUTION,CitadineThermique,472 km04h30,6+,~ 78€ PRESTATION,Accéder,FR33),43.78251,1.3590892,,46.5802596,0.340196
734102,aller,Castelnau-d'estrétefonds (FR31),La rochelle (FR17),14/03/2024 à 08:00,14/03/2024 à 16:00 Rdv 14:00-16:00,ARVAL RESTITUTION,CitadineThermique,403 km03h45,6+,~ 71€ PRESTATION,Accéder,FR34),43.78251,1.3590892,,46.1591126,-1.1520434
734096,aller,Miramas (FR13),Nice (FR06),18/03/2024 à 10:00,18/03/2024 à 16:00 Rdv 14:00-16:00,ARVAL RESTITUTION,8m3Thermique,221 km02h30,0-2,~ 52€ PRESTATION,Accéder,FR33),43.582733,5.0025809,,43.7009358,7.2683912
734092,aller,Castelnau-d'estrétefonds (FR31),Nîmes (FR30),14/03/2024 à 09:00,14/03/2024 à 16:00 Rdv 14:00-16:00,ARVAL RESTITUTION,CitadineThermique,314 km03h15,6+,~ 62€ PRESTATION,Accéder,FR31),43.78251,1.3590892,,43.8374249,4.3600687
734082,aller,Castelnau-d'estrétefonds (FR31),Nice (FR06),18/03/2024 à 09:00,18/03/2024 à 16:00 Rdv 14:00-16:00,ARVAL RESTITUTION,BerlineThermique,586 km05h45,6+,~ 89€ PRESTATION,Accéder,FR31),43.78251,1.3590892,,43.7009358,7.2683912
734066,aller,Miramas (FR13),Nîmes (FR30),13/03/2024 à 09:00,13/03/2024 à 12:00 Rdv 10:00-12:00,ARVAL RESTITUTION,BerlineThermique,69 km01h00,6+,~ 36€ PRESTATION,Accéder,FR59),43.582733,5.0025809,,43.8374249,4.3600687
734045,aller,Villevêque (FR49),Châteauroux (FR36),12/03/2024 à 11:00,12/03/2024 à 17:00 Rdv 15:00-17:00,ARVAL RESTITUTION,BerlineThermique,226 km02h45,6+,~ 53€ PRESTATION,Accéder,FR13),47.5601026,-0.4230772,,46.8203785,1.6770956
734043,aller,Villevêque (FR49),Châteauroux (FR36),12/03/2024 à 11:00,12/03/2024 à 17:00 Rdv 15:00-17:00,ARVAL RESTITUTION,BerlineThermique,226 km02h45,0-2,~ 53€ PRESTATION,Accéder,FR31),47.5601026,-0.4230772,,46.8203785,1.6770956
733684,aller,Charenton-le-pont (FR94),Ruy-montceau (FR38),20/03/2024 à 10:00 Rdv 10:00-11:00,20/03/2024 à 18:00 Rdv 17:00-18:00,COFEPP,SuvThermique,520 km05h00,6+,~ 82€ PRESTATION,Accéder,FR17),48.8198479,2.4159508,,45.5884827,5.346999509653573
733495,,Ambarès-et-lagrave (FR33),Dijon (FR21),25/03/2024 à 09:55,26/03/2024 à 12:00 Rdv 10:00-12:00,ALD AUTOMOTIVE,CitadineThermique,640 km06h36,03-mai,~ 94€ PRESTATION,Se certifier au process client,,44.9259011,-0.4881846,,47.3215806,5.0414701
733010,,Ambérieu-en-bugey (FR01),Châtillon-en-bazois (FR58),12/03/2024 à 10:00,12/03/2024 à 16:00 Rdv 14:00-16:00,ARVAL MOYENNE DUREE,BerlineThermique,248 km03h00,,155€ TOTAL,Se certifier au process client,,45.9584309,5.3595099,,47.0518049,3.6546552
733738,,Ambérieu-en-bugey (FR01),La seyne-sur-mer (FR83),13/03/2024 à 09:00,13/03/2024 à 16:00 Rdv 14:00-16:00,ALD AUTOMOTIVE,CitadineThermique,432 km04h13,6+,~ 74€ PRESTATION,Se certifier au process client,,45.9584309,5.3595099,,43.1007714,5.8788948
734434,,Ambérieu-en-bugey (FR01),Villeurbanne (FR69),28/03/2024 à 09:00,28/03/2024 à 11:00,EDEN AUTO - BORDEAUX,BreakThermique,53 km01h00,6+,~ 32€ PRESTATION,Se certifier au process client,,45.9584309,5.3595099,,45.7733573,4.8868454
734888,,Ambérieu-en-bugey (FR01),Saint-martin-du-fresne (FR01),08/04/2024 à 10:00,08/04/2024 à 17:00 Rdv 15:00-17:00,ARVAL MOYENNE DUREE,BerlineThermique,41 km00h45,,52€ TOTAL,Se certifier au process client,,45.9584309,5.3595099,,46.135646,5.551392
734833,,Annecy (FR74),Annecy (FR74),15/03/2024 à 09:00,15/03/2024 à 09:30,ALD AUTOMOTIVE,CitadineHybride,5 km00h15,0-2,~ 21€ PRESTATION,Se certifier au process client,,45.8992348,6.1288847,,45.8992348,6.1288847
734834,,Annecy (FR74),Annecy (FR74),15/03/2024 à 16:00,15/03/2024 à 17:00,ALD AUTOMOTIVE,CitadineHybride,5 km00h15,0-2,~ 21€ PRESTATION,Se certifier au process client,,45.8992348,6.1288847,,45.8992348,6.1288847
734407,,Antibes (FR06),Manosque (FR04),11/03/2024 à 08:30,11/03/2024 à 17:30 Rdv 11:00-17:30,CHOPARD,BerlineThermique,180 km02h15,,149€ TOTAL,Se certifier au service complémentaire,,43.5812868,7.1262071,,43.8338026,5.7826657
733424,,Aubagne (FR13),Augny (FR57),12/03/2024 à 11:00,13/03/2024 à 11:00,ALD AUTOMOTIVE,6m3Thermique,780 km07h29,6+,~ 108€ PRESTATION,Se certifier au process client,,43.2924385,5.5703031,,49.0593685,6.1219209
733433,,Aubagne (FR13),Chassieu (FR69),13/03/2024 à 09:00,13/03/2024 à 14:00,ALD AUTOMOTIVE,6m3Thermique,338 km03h15,6+,~ 64€ PRESTATION,Se certifier au process client,,43.2924385,5.5703031,,45.7422756,4.9681796
734451,,Avrigny (FR60),Amfreville (FR14),12/03/2024 à 09:55,12/03/2024 à 16:00 Rdv 14:00-16:00,ALD AUTOMOTIVE,CitadineHybride,243 km03h05,,144€ TOTAL,Se certifier au process client,,49.3817833,2.57932,,49.2479604,-0.2345844
733797,,Avrigny (FR60),Les mureaux (FR78),18/03/2024 à 09:00,18/03/2024 à 16:00 Rdv 14:00-16:00,ALD AUTOMOTIVE,RoutièreThermique,116 km01h22,6+,~ 42€ PRESTATION,Se certifier au process client,,49.3817833,2.57932,,48.9931578,1.909928
732785,,Avrigny (FR60),Mont-saint-aignan (FR76),20/03/2024 à 09:00,20/03/2024 à 11:30,EDEN AUTO - BORDEAUX,BreakThermique,130 km02h00,6+,~ 43€ PRESTATION,Se certifier au process client,,49.3817833,2.57932,,49.4679,1.0813
732091,,Avrigny (FR60),Le havre (FR76),22/03/2024 à 09:00,22/03/2024 à 12:30,EDEN AUTO - BORDEAUX,BreakThermique,219 km03h00,6+,~ 67€ PRESTATION,Se certifier au process client,,49.3817833,2.57932,,49.4938975,0.1079732
734491,,Bassens (FR33),Colomiers (FR31),14/03/2024 à 10:00,14/03/2024 à 16:00 Rdv 14:00-16:00,STELLANTIS & YOU BUSINESS,BerlineThermique,257 km02h30,03-mai,~ 61€ PRESTATION,Se certifier au process client,,44.9015003,-0.5163222,,43.6121001,1.3282149
735037,,Bassens (FR33),Bordeaux (FR33),18/03/2024 à 09:00,18/03/2024 à 12:00 Rdv 10:00-12:00,CAT SUD OUEST,BerlineHybride,13 km00h30,,35€ TOTAL,Se certifier au service complémentaire,,44.9015003,-0.5163222,,44.841225,-0.5800364
734552,,Bassens (FR33),Libourne (FR33),18/03/2024 à 08:30,18/03/2024 à 12:00 Rdv 10:00-12:00,STELLANTIS & YOU BUSINESS,Berline100% Electrique,30 km00h45,6+,~ 52€ PRESTATION,Se certifier au process client,,44.9015003,-0.5163222,,44.9133742,-0.2427217
734734,,Bassens (FR33),Mérignac (FR33),18/03/2024 à 11:00,18/03/2024 à 15:00 Rdv 14:00-15:00,CAT SUD OUEST,SuvHybride,33 km00h45,6+,~ 43€ PRESTATION,Se certifier au service complémentaire,,44.9015003,-0.5163222,,44.842168,-0.6469022
734960,,Bassens (FR33),Tarbes (FR65),19/03/2024 à 08:30,19/03/2024 à 14:00 Rdv 12:00-14:00,STELLANTIS & YOU BUSINESS,Berline100% Electrique,258 km02h30,0-2,~ 101€ PRESTATION,Se certifier au process client,,44.9015003,-0.5163222,,43.232858,0.0781021
733038,,Bassens (FR33),Carcassonne (FR11),20/03/2024 à 08:30,20/03/2024 à 15:00 Rdv 13:00-15:00,STELLANTIS & YOU BUSINESS,Berline100% Electrique,343 km03h15,0-2,~ 130€ PRESTATION,Se certifier au process client,,44.9015003,-0.5163222,,43.2130358,2.3491069
733038,,Bassens (FR33),Carcassonne (FR11),20/03/2024 à 08:30,20/03/2024 à 15:00 Rdv 13:00-15:00,STELLANTIS & YOU BUSINESS,Berline100% Electrique,343 km03h15,0-2,~ 130€ PRESTATION,Se certifier au process client,,44.9015003,-0.5163222,,43.2130358,2.3491069
732348,,Biars-sur-cère (FR46),Castelnau-d\'estrétefonds (FR31),11/03/2024 à 09:00 Rdv 9:00-11:00,11/03/2024 à 16:00,ARVAL MOYENNE DUREE,BerlineThermique,171 km02h00,,123€ TOTAL,Se certifier au process client,,44.9272061,1.8451434,,43.78251,1.3590892
734418,,Bordeaux (FR33),Ambarès-et-lagrave (FR33),19/03/2024 à 14:00 Rdv 14:00-16:00,20/03/2024 à 16:00,STELLANTIS & YOU BUSINESS,SuvThermique,23 km00h30,6+,~ 25€ PRESTATION,Se certifier au process client,,44.841225,-0.5800364,,44.9259011,-0.4881846
730102,,Boulogne-billancourt (FR92),Mitry-mory (FR77),12/03/2024 à 14:00 Rdv 14:00-16:00,12/03/2024 à 16:00,STELLANTIS & YOU BUSINESS,SuvHybride,40 km00h45,0-2,~ 35€ PRESTATION,Se certifier au process client,,48.8356649,2.240206,,48.9839674,2.6183971
733070,,Brussel (BE10),Antwerpen (BE20),07/03/2024 à 09:00,13/03/2024 à 15:00,ARVAL BELGIUM B2C,CitadineThermique,53 km01h00,0-2,~ 41€ PRESTATION,Se certifier au service complémentaire,,50.8550018,4.3512333761166175,,51.2211097,4.3997081
735014,,Bussy-saint-georges (FR77),Flins-sur-seine (FR78),13/03/2024 à 14:00 Rdv 14:00-16:00,13/03/2024 à 16:15,CAT IDF (EX-GROUPE CAT),SuvThermique,79 km01h15,0-2,~ 22€ PRESTATION,Se certifier au process client,,48.8389953,2.7171086,,48.9623407,1.8684146
733769,,Carcassonne (FR11),Aynac (FR46),12/03/2024 à 09:00,12/03/2024 à 17:00,TRESSOL CHABRIER - VO,SuvThermique,265 km03h15,,162€ TOTAL,Se certifier au process client,,43.2130358,2.3491069,,44.7841401,1.8513429
733039,,Carcassonne (FR11),Rivesaltes (FR66),20/03/2024 à 13:00 Rdv 13:00-15:00,20/03/2024 à 16:00,STELLANTIS & YOU BUSINESS,BerlineThermique,107 km01h15,0-2,~ 41€ PRESTATION,Se certifier au process client,,43.2130358,2.3491069,,42.7683568,2.8709277
733039,,Carcassonne (FR11),Rivesaltes (FR66),20/03/2024 à 13:00 Rdv 13:00-15:00,20/03/2024 à 16:00,STELLANTIS & YOU BUSINESS,BerlineThermique,107 km01h15,0-2,~ 41€ PRESTATION,Se certifier au process client,,43.2130358,2.3491069,,42.7683568,2.8709277
732690,,Charleroi (BE60),Antwerpen (BE20),08/03/2024 à 09:00,13/03/2024 à 15:15,ARVAL BELGIUM B2C,CitadineThermique,110 km01h30,0-2,~ 53€ PRESTATION,Se certifier au service complémentaire,,50.4116233,4.444528,,51.2211097,4.3997081
734571,,Chateauroux (FR36),Jourgnac (FR87),14/03/2024 à 10:00,14/03/2024 à 17:00 Rdv 15:00-17:00,ALD AUTOMOTIVE,CitadineThermique,141 km01h35,03-mai,~ 44€ PRESTATION,Se certifier au process client,,46.8203785,1.6770956,,45.7195737,1.2149792
733707,,Château-thébaud (FR44),Lanester (FR56),12/03/2024 à 09:59,12/03/2024 à 14:00 Rdv 12:00-14:00,ALD AUTOMOTIVE,RoutièreThermique,186 km02h00,,107€ TOTAL,Se certifier au process client,,47.1246294,-1.4213694,,47.7639726,-3.3444489
733517,,Colmar (FR68),Lyon (FR69),13/03/2024 à 15:44,14/03/2024 à 10:45,ALD AUTOMOTIVE,RoutièreThermique,409 km03h58,6+,~ 71€ PRESTATION,Se certifier au process client,,48.0777517,7.3579641,,45.7578137,4.8320114
734492,,Colomiers (FR31),Castelnau-d\'estrétefonds (FR31),14/03/2024 à 14:00 Rdv 14:00-16:00,14/03/2024 à 19:00,STELLANTIS & YOU BUSINESS,BerlineThermique,32 km00h30,03-mai,~ 28€ PRESTATION,Se certifier au process client,,43.6121001,1.3282149,,43.78251,1.3590892
733053,,Connaux (FR30),Corbas (FR69),12/03/2024 à 09:00 Rdv 9:00-11:00,12/03/2024 à 16:00,ALD AUTOMOTIVE,RoutièreThermique,203 km02h14,,126€ TOTAL,Se certifier au process client,,44.091,4.5935,,45.6662663,4.9015205
733382,,Courzieu (FR69),Quincieux (FR69),13/03/2024 à 09:00 Rdv 9:00-11:00,13/03/2024 à 12:00,ALD AUTOMOTIVE,CitadineThermique,33 km00h43,,44€ TOTAL,Se certifier au process client,,45.7426322,4.5710383,,45.9143,4.77378
731251,,Cran-gevrier (FR74),Templemars (FR59),11/03/2024 à 10:00,12/03/2024 à 11:00 Rdv 9:00-11:00,ALD AUTOMOTIVE,6m3Thermique,741 km07h15,,369€ TOTAL,Se certifier au process client,,45.9079102,6.106538,,50.5762334,3.0528537
734159,,Creysse (FR24),Oloron-sainte-marie (FR64),14/03/2024 à 09:00,14/03/2024 à 15:13,ALD AUTOMOTIVE,RoutièreThermique,280 km03h19,0-2,~ 58€ PRESTATION,Se certifier au process client,,44.8566667,0.5666667,,43.1922408,-0.6115586
735042,,Decize (FR58),Blanquefort (FR33),14/03/2024 à 07:30,14/03/2024 à 14:00,ALD AUTOMOTIVE,12m3Thermique,508 km04h57,,273€ TOTAL,Se certifier au process client,,46.8284259,3.4616097,,44.9088982,-0.6300363
731457,,Diest (BE32),Ieper (BE89),12/03/2024 à 09:00,12/03/2024 à 14:00,VAN MOSSEL DEALERS,CitadineHybride,188 km02h15,0-2,~ 69€ PRESTATION,Se certifier au service complémentaire,,50.9844318,5.0504341,,50.85169675,2.891473683275896
734537,,Diest (BE32),Antwerpen (BE20),08/03/2024 à 09:00,13/03/2024 à 15:00,ARVAL BELGIUM B2C,BerlineThermique,62 km01h00,0-2,~ 44€ PRESTATION,Se certifier au service complémentaire,,50.9844318,5.0504341,,51.2211097,4.3997081
733698,,Diest (BE32),Antwerpen (BE20),08/03/2024 à 09:00,14/03/2024 à 15:00,ARVAL BELGIUM B2C,SuvThermique,62 km01h00,0-2,~ 44€ PRESTATION,Se certifier au service complémentaire,,50.9844318,5.0504341,,51.2211097,4.3997081
734001,,Dijon (FR21),Colombier-saugnieu (FR69),12/03/2024 à 09:30 Rdv 9:30-10:30,12/03/2024 à 15:00 Rdv 14:00-15:00,ALPHABET - ALPHABET RENT LMD,SuvHybride,214 km02h15,,119€ TOTAL,Se certifier au process client,,47.3215806,5.0414701,,45.7113787,5.1119241
733497,,Dijon (FR21),Ambérieu-en-bugey (FR01),26/03/2024 à 10:00 Rdv 10:00-12:00,26/03/2024 à 14:00,ALD AUTOMOTIVE,CitadineThermique,190 km01h54,03-mai,~ 49€ PRESTATION,Se certifier au process client,,47.3215806,5.0414701,,45.9584309,5.3595099
732251,,Dommartemont (FR54),Forbach (FR57),01/04/2024 à 09:00 Rdv 9:00-11:00,01/04/2024 à 16:00,ALD AUTOMOTIVE,RoutièreThermique,111 km01h16,,74€ TOTAL,Se certifier au process client,,48.7133,6.2145,,49.1862822,6.8958562
733163,,Enghien (BE78),Sint-niklaas (BE91),07/03/2024 à 09:00,13/03/2024 à 15:00,ARVAL BELGIUM B2C,5m3Thermique,85 km01h15,0-2,~ 50€ PRESTATION,Se certifier au service complémentaire,,50.6957066,4.0411928,,51.1646685,4.1395124
733836,,Entzheim (FR67),Saint-ail (FR54),19/03/2024 à 11:00 Rdv 11:00-13:00,19/03/2024 à 16:15,CAT NORD EST,BerlineThermique,203 km02h15,03-mai,~ 30€ PRESTATION,Se certifier au service complémentaire,,48.5346177,7.6358832,,49.1808501,5.9960901
731169,,Entzheim (FR67),Thiaucourt-regniéville (FR54),21/03/2024 à 09:36,21/03/2024 à 14:00 Rdv 12:00-14:00,ALD AUTOMOTIVE,CitadineHybride,218 km02h23,,121€ TOTAL,Se certifier au process client,,48.5346177,7.6358832,,48.9544506,5.8675157
733789,,Epinal (FR88),Forbach (FR57),21/03/2024 à 15:00 Rdv 15:00-17:00,22/03/2024 à 10:00,ALD AUTOMOTIVE,12m3Thermique,185 km01h55,,100€ TOTAL,Se certifier au process client,,48.1747684,6.4503643,,49.1862822,6.8958562
735015,,Oliva (ES46),Los palacios y villafranca (ES41),11/03/2024 à 08:45,11/03/2024 à 16:00,ALD FLEX ESPAÑA,CitadineThermique,693 km07h00,0-2,~ 70€ PRESTATION,Accéder, BE46,38.9202443,-0.1208981,,37.1582119,-5.9244567
735005,,Fuenteheridos (ES21),"Luisiana, la (ES41)",13/03/2024 à 11:00 Rdv 11:00-12:00,13/03/2024 à 17:30,HARTMANN,CitadineThermique,167 km02h00,0-2,~ 32€ PRESTATION,Accéder, FR67,37.9034873,-6.6617402,,30.003891,-90.0383689
734892,,Flins-sur-seine (FR78),Malakoff (FR92),12/03/2024 à 09:00,12/03/2024 à 14:00 Rdv 10:30-14:00,CAT IDF (EX-GROUPE CAT),BerlineHybride,48 km01h00,6+,~ 31€ PRESTATION,Se certifier au process client,,48.9623407,1.8684146,,48.8211559,2.3019814
735013,,Flins-sur-seine (FR78),Bussy-saint-georges (FR77),13/03/2024 à 11:30,13/03/2024 à 16:00 Rdv 14:00-16:00,CAT IDF (EX-GROUPE CAT),SuvHybride,79 km01h15,0-2,~ 38€ PRESTATION,Se certifier au process client,,48.9623407,1.8684146,,48.8389953,2.7171086
731849,,Forbach (FR57),Raucourt-et-flaba (FR08),14/03/2024 à 08:30,14/03/2024 à 14:00 Rdv 12:00-14:00,ARVAL MOYENNE DUREE,Suv100% Electrique,194 km02h30,,120€ TOTAL,Se certifier au process client,,49.1862822,6.8958562,,49.60192,4.95668
733682,,Frameries (BE70),Antwerpen (BE20),08/03/2024 à 09:00,13/03/2024 à 15:00,ARVAL BELGIUM B2C,BreakThermique,127 km01h45,0-2,~ 55€ PRESTATION,Se certifier au service complémentaire,,50.4096511,3.8933015,,51.2211097,4.3997081
733704,,Fressines (FR79),Ambarès-et-lagrave (FR33),12/03/2024 à 09:00 Rdv 9:00-11:00,12/03/2024 à 16:00,ALD AUTOMOTIVE,CitadineHybride,179 km01h45,,113€ TOTAL,Se certifier au process client,,46.3221639,-0.2954875,,44.9259011,-0.4881846
732393,,Geispolsheim (FR67),Altorf (FR67),12/03/2024 à 09:30,12/03/2024 à 11:00,ALD AUTOMOTIVE,RoutièreThermique,11 km00h14,0-2,~ 22€ PRESTATION,Se certifier au process client,,48.5146952,7.6437386,,48.5229995,7.5271687
733189,,Genk (BE36),Antwerpen (BE20),07/03/2024 à 09:00,13/03/2024 à 15:00,ARVAL BELGIUM B2C,CitadineThermique,94 km01h15,0-2,~ 52€ PRESTATION,Se certifier au service complémentaire,,50.9654864,5.5001456,,51.2211097,4.3997081
735023,,Gennevilliers (FR92),Guyancourt (FR78),12/03/2024 à 10:00 Rdv 10:00-11:00,12/03/2024 à 12:00 Rdv 11:00-12:00,ALPHABET - ALPHABET RENT LMD,12m3Thermique,36 km00h45,,34€ TOTAL,Se certifier au process client,,48.9254221,2.2940122,,48.7709414,2.0706084
733182,,Hasselt (BE35),Antwerpen (BE20),07/03/2024 à 09:00,13/03/2024 à 15:00,ARVAL BELGIUM B2C,CitadineThermique,82 km01h15,0-2,~ 49€ PRESTATION,Se certifier au service complémentaire,,50.9303735,5.3378043,,51.2211097,4.3997081
733182,,Hasselt (BE35),Antwerpen (BE20),07/03/2024 à 09:00,13/03/2024 à 15:00,ARVAL BELGIUM B2C,CitadineThermique,82 km01h15,0-2,~ 49€ PRESTATION,Se certifier au service complémentaire,,50.9303735,5.3378043,,51.2211097,4.3997081
732040,,Hasselt (BE35),Charleroi (BE60),25/03/2024 à 08:30,25/03/2024 à 10:30,VAN MOSSEL DEALERS,BerlineThermique,131 km01h30,0-2,~ 63€ PRESTATION,Se certifier au service complémentaire,,50.9303735,5.3378043,,50.4116233,4.444528
733855,,Houssen (FR68),Saint-ail (FR54),15/03/2024 à 12:15,15/03/2024 à 16:15,CAT NORD EST,SuvThermique,250 km02h45,03-mai,~ 33€ PRESTATION,Se certifier au service complémentaire,,48.1258756,7.3790238,,49.1808501,5.9960901
730366,,Julienas (FR69),Ambérieu-en-bugey (FR01),12/03/2024 à 09:00 Rdv 9:00-11:00,12/03/2024 à 13:00,ALD AUTOMOTIVE,CitadineThermique,91 km01h03,,73€ TOTAL,Se certifier au process client,,46.2347371,4.7114718,,45.9584309,5.3595099
733175,,Kapellen (BE29),Antwerpen (BE20),07/03/2024 à 09:00,13/03/2024 à 15:00,ARVAL BELGIUM B2C,CitadineThermique,18 km00h45,0-2,~ 31€ PRESTATION,Se certifier au service complémentaire,,51.3149455,4.4295354,,51.2211097,4.3997081
733187,,Kapellen (BE29),Antwerpen (BE20),07/03/2024 à 09:00,13/03/2024 à 15:00,ARVAL BELGIUM B2C,CitadineThermique,18 km00h45,0-2,~ 31€ PRESTATION,Se certifier au service complémentaire,,51.3149455,4.4295354,,51.2211097,4.3997081
730524,,La chapelle-des-fougeretz (FR35),Les andelys (FR27),18/03/2024 à 09:00,18/03/2024 à 13:30,ALD AUTOMOTIVE,RoutièreThermique,342 km03h27,6+,~ 65€ PRESTATION,Se certifier au process client,,48.178066,-1.7341163,,49.2469193,1.4215534
727616,,La chapelle-sur-erdre (FR44),Le cellier (FR44),14/03/2024 à 11:00 Rdv 11:00-13:00,14/03/2024 à 14:30,STELLANTIS & YOU BUSINESS,SuvThermique,24 km00h30,0-2,~ 26€ PRESTATION,Se certifier au process client,,47.2996846,-1.5518632,,47.3186735,-1.3465357
733677,,La louvière (BE71),Antwerpen (BE20),08/03/2024 à 09:00,12/03/2024 à 15:00,ARVAL BELGIUM B2C,8m3Thermique,101 km01h30,0-2,~ 52€ PRESTATION,Se certifier au service complémentaire,,50.4791337,4.161348292428827,,51.2211097,4.3997081
730101,,La norville (FR91),Boulogne-billancourt (FR92),12/03/2024 à 08:30,12/03/2024 à 16:00 Rdv 14:00-16:00,STELLANTIS & YOU BUSINESS,SuvHybride,40 km00h45,0-2,~ 55€ PRESTATION,Se certifier au process client,,48.5856753,2.2583893,,48.8356649,2.240206
734417,,La norville (FR91),Bordeaux (FR33),19/03/2024 à 09:00,19/03/2024 à 16:00 Rdv 14:00-16:00,STELLANTIS & YOU BUSINESS,SuvHybride,570 km05h30,6+,~ 97€ PRESTATION,Se certifier au process client,,48.5856753,2.2583893,,44.841225,-0.5800364
735049,,La riche (FR37),Chambray-lès-tours (FR37),13/03/2024 à 08:45,13/03/2024 à 10:30 Rdv 9:30-10:30,CAT GRAND OUEST,CitadineThermique,14 km00h30,,28€ TOTAL,Se certifier au service complémentaire,,47.3881295,0.6572824,,47.3390872,0.714368
732598,,La riche (FR37),Vivonne (FR86),19/03/2024 à 09:00,19/03/2024 à 11:00,EDEN AUTO - BORDEAUX,Monospace100% Electrique,124 km01h30,,82€ TOTAL,Se certifier au process client,,47.3881295,0.6572824,,46.4262128,0.2584318
733741,,La seyne-sur-mer (FR83),Castelnau-destrétefonds (FR31),13/03/2024 à 14:49,14/03/2024 à 12:00,ALD AUTOMOTIVE,CitadineHybride,490 km04h45,6+,~ 79€ PRESTATION,Se certifier au process client,,43.1007714,5.8788948,,,
734296,,Lagnieu (FR01),Dijon (FR21),13/03/2024 à 08:30,13/03/2024 à 16:00 Rdv 14:00-16:00,STELLANTIS & YOU BUSINESS,BerlineThermique,196 km02h15,,116€ TOTAL,Se certifier au process client,,45.9034952,5.3480192,,47.3215806,5.0414701
734600,,Lagnieu (FR01),Besançon (FR25),14/03/2024 à 08:30,14/03/2024 à 14:00 Rdv 12:00-14:00,STELLANTIS & YOU BUSINESS,BerlineThermique,217 km02h30,,113€ TOTAL,Se certifier au process client,,45.9034952,5.3480192,,47.2380222,6.0243622
734875,,Laguiole (FR12),Castelnau-d\'estrétefonds (FR31),22/03/2024 à 14:00 Rdv 14:00-15:00,25/03/2024 à 12:00,EDEN AUTO - TOULOUSE,BerlineThermique,204 km02h30,6+,~ 15€ PRESTATION,Se certifier au process client,,44.6839098,2.8468743,,43.78251,1.3590892
733212,,Lantefontaine (FR54),Forbach (FR57),15/03/2024 à 09:00 Rdv 9:00-11:00,15/03/2024 à 15:00,ALD AUTOMOTIVE,12m3Thermique,96 km01h04,,72€ TOTAL,Se certifier au process client,,49.2503,5.9092,,49.1862822,6.8958562
733205,,Lantefontaine (FR54),Forbach (FR57),15/03/2024 à 09:00 Rdv 9:00-11:00,15/03/2024 à 15:00,ALD AUTOMOTIVE,12m3Thermique,96 km01h04,,72€ TOTAL,Se certifier au process client,,49.2503,5.9092,,49.1862822,6.8958562
733190,,Lantefontaine (FR54),Forbach (FR57),18/03/2024 à 09:00 Rdv 9:00-11:00,18/03/2024 à 14:00,ALD AUTOMOTIVE,12m3Thermique,96 km01h04,,72€ TOTAL,Se certifier au process client,,49.2503,5.9092,,49.1862822,6.8958562
734452,,Le coudray-montceaux (FR91),Chilly-mazarin (FR91),12/03/2024 à 10:00 Rdv 10:00-12:00,12/03/2024 à 13:00,ALD AUTOMOTIVE,CitadineThermique,22 km00h16,,30€ TOTAL,Se certifier au process client,,48.5653177,2.4855792,,48.7026161,2.3123582
732092,,Le havre (FR76),Avrigny (FR60),22/03/2024 à 12:30,22/03/2024 à 16:00,EDEN AUTO - BORDEAUX,SuvThermique,212 km02h45,6+,~ 15€ PRESTATION,Se certifier au process client,,49.4938975,0.1079732,,49.3817833,2.57932
734992,,Le mans (FR72),Varaville (FR14),18/03/2024 à 10:00,18/03/2024 à 15:00 Rdv 13:00-15:00,BPM GROUP,Cabriolet100% Electrique,181 km02h15,,106€ TOTAL,Se certifier au service complémentaire,,48.0073849,0.1967849,,49.253386,-0.1582652
730526,,Les andelys (FR27),Saint-aignan-de-grand-lieu (FR44),18/03/2024 à 14:00,18/03/2024 à 16:00,ALD AUTOMOTIVE,RoutièreThermique,433 km04h18,6+,~ 74€ PRESTATION,Se certifier au process client,,49.2469193,1.4215534,,47.1224436,-1.6345992
734560,,Les mureaux (FR78),Chilly-mazarin (FR91),18/03/2024 à 14:00 Rdv 14:00-16:00,18/03/2024 à 17:00,ALD AUTOMOTIVE,BerlineThermique,57 km01h00,6+,~ 33€ PRESTATION,Se certifier au process client,,48.9931578,1.909928,,48.7026161,2.3123582
734470,,Lescar (FR64),Villenave-d\'ornon (FR33),12/03/2024 à 09:00,12/03/2024 à 16:00 Rdv 14:00-16:00,SIPA AUTOMOBILES,2m3Thermique,200 km02h00,,135€ TOTAL,Se certifier au service complémentaire,,43.3333773,-0.4357266,,44.7737872,-0.5595029
734701,,Leuven (BE30),Antwerpen (BE20),11/03/2024 à 09:00,14/03/2024 à 15:00,ARVAL BELGIUM B2C,SuvThermique,63 km01h00,0-2,~ 44€ PRESTATION,Se certifier au service complémentaire,,50.879202,4.7011675,,51.2211097,4.3997081
734553,,Libourne (FR33),Ambarès-et-lagrave (FR33),18/03/2024 à 10:00 Rdv 10:00-12:00,18/03/2024 à 16:00,STELLANTIS & YOU BUSINESS,BerlineThermique,29 km00h45,6+,~ 13€ PRESTATION,Se certifier au process client,,44.9133742,-0.2427217,,44.9259011,-0.4881846
734632,,Lille (FR59),Bondues (FR59),12/03/2024 à 09:00,12/03/2024 à 15:30,ALD AUTOMOTIVE,CitadineHybride,14 km00h22,,27€ TOTAL,Se certifier au process client,,50.6365654,3.0635282,,50.7034622,3.0921638
733188,,Lokeren (BE91),Antwerpen (BE20),07/03/2024 à 09:00,13/03/2024 à 15:00,ARVAL BELGIUM B2C,CitadineThermique,42 km00h45,0-2,~ 39€ PRESTATION,Se certifier au service complémentaire,,51.1044488,3.9898689,,51.2211097,4.3997081
733882,,Loos en gohelle (FR62),Oignies (FR62),14/03/2024 à 09:00,14/03/2024 à 10:30,ALD AUTOMOTIVE,RoutièreThermique,24 km00h21,0-2,~ 26€ PRESTATION,Se certifier au process client,,50.4576111,2.792593,,50.4643,2.99387
733867,,Loos en gohelle (FR62),Oignies (FR62),14/03/2024 à 09:00,14/03/2024 à 10:30,ALD AUTOMOTIVE,RoutièreThermique,24 km00h21,0-2,~ 26€ PRESTATION,Se certifier au process client,,50.4576111,2.792593,,50.4643,2.99387
733872,,Loos en gohelle (FR62),Oignies (FR62),14/03/2024 à 09:00,14/03/2024 à 10:30,ALD AUTOMOTIVE,RoutièreThermique,24 km00h21,03-mai,~ 26€ PRESTATION,Se certifier au process client,,50.4576111,2.792593,,50.4643,2.99387
733191,,Machelen (BE18),Sint-niklaas (BE91),07/03/2024 à 09:00,13/03/2024 à 15:00,ARVAL BELGIUM B2C,CitadineThermique,58 km00h45,0-2,~ 42€ PRESTATION,Se certifier au service complémentaire,,50.901520649999995,4.446784480895417,,51.1646685,4.1395124
734893,,Malakoff (FR92),Flins-sur-seine (FR78),12/03/2024 à 10:30 Rdv 10:30-14:00,12/03/2024 à 16:00,CAT IDF (EX-GROUPE CAT),SuvThermique,48 km01h00,6+,~ 18€ PRESTATION,Se certifier au process client,,48.8211559,2.3019814,,48.9623407,1.8684146
733626,,Mandelieu-la-napoule (FR06),Vallauris (FR06),19/03/2024 à 09:00,19/03/2024 à 11:30,VGRF - PLAQUE SUD,9m3100% Electrique,14 km00h30,6+,~ 28€ PRESTATION,Se certifier au service complémentaire,,43.5439153,6.9359135,,43.5761001,7.05859
733247,,Marckolsheim (FR67),Nancy (FR54),13/03/2024 à 10:00,13/03/2024 à 14:00,STELLANTIS & YOU BUSINESS,BerlineHybride,144 km02h00,,97€ TOTAL,Se certifier au process client,,48.165441,7.5444161,,48.6937223,6.1834097
731528,,Marckolsheim (FR67),Nancy (FR54),14/03/2024 à 08:30,14/03/2024 à 13:00 Rdv 11:00-13:00,STELLANTIS & YOU BUSINESS,BerlineThermique,144 km02h00,,98€ TOTAL,Se certifier au process client,,48.165441,7.5444161,,48.6937223,6.1834097
731537,,Marckolsheim (FR67),Nancy (FR54),14/03/2024 à 08:30,14/03/2024 à 13:00 Rdv 11:00-13:00,STELLANTIS & YOU BUSINESS,BerlineThermique,144 km02h00,,98€ TOTAL,Se certifier au process client,,48.165441,7.5444161,,48.6937223,6.1834097
731540,,Marckolsheim (FR67),Nancy (FR54),14/03/2024 à 08:30,14/03/2024 à 13:00 Rdv 11:00-13:00,STELLANTIS & YOU BUSINESS,BerlineThermique,144 km02h00,,98€ TOTAL,Se certifier au process client,,48.165441,7.5444161,,48.6937223,6.1834097
731550,,Marckolsheim (FR67),Nancy (FR54),14/03/2024 à 09:00,14/03/2024 à 13:00 Rdv 11:00-13:00,STELLANTIS & YOU BUSINESS,BerlineThermique,144 km02h00,,97€ TOTAL,Se certifier au process client,,48.165441,7.5444161,,48.6937223,6.1834097
731554,,Marckolsheim (FR67),Nancy (FR54),14/03/2024 à 08:30,14/03/2024 à 13:00 Rdv 11:00-13:00,STELLANTIS & YOU BUSINESS,BerlineThermique,144 km02h00,,98€ TOTAL,Se certifier au process client,,48.165441,7.5444161,,48.6937223,6.1834097
731496,,Marckolsheim (FR67),Nancy (FR54),14/03/2024 à 08:30,14/03/2024 à 13:00 Rdv 11:00-13:00,STELLANTIS & YOU BUSINESS,BerlineThermique,144 km02h00,,98€ TOTAL,Se certifier au process client,,48.165441,7.5444161,,48.6937223,6.1834097
733151,,Mechelen (BE28),Sint-niklaas (BE91),07/03/2024 à 09:00,13/03/2024 à 15:00,ARVAL BELGIUM B2C,CitadineThermique,43 km00h45,0-2,~ 39€ PRESTATION,Se certifier au service complémentaire,,51.0281381,4.4803453,,51.1646685,4.1395124
734402,,Mérignac (FR33),La feuillade (FR24),13/03/2024 à 09:30 Rdv 9:30-11:30,14/03/2024 à 17:00,GROUPE PAROT VI,16m3Thermique,202 km02h15,,145€ TOTAL,Se certifier au service complémentaire,,44.842168,-0.6469022,,45.115468,1.4002557
734735,,Mérignac (FR33),Bassens (FR33),18/03/2024 à 14:00 Rdv 14:00-15:00,18/03/2024 à 16:15,CAT SUD OUEST,BreakHybride,20 km00h30,6+,~ 15€ PRESTATION,Se certifier au service complémentaire,,44.842168,-0.6469022,,44.9015003,-0.5163222
734930,,Meyreuil (FR13),Peaugres (FR07),13/03/2024 à 10:00,13/03/2024 à 16:00 Rdv 14:00-16:00,ALD AUTOMOTIVE,CitadineHybride,261 km02h36,,134€ TOTAL,Se certifier au process client,,43.4867359,5.4952155,,45.287265,4.7285863
731991,,Miramas (FR13),La roque d antheron (FR13),11/03/2024 à 10:00,11/03/2024 à 17:00 Rdv 15:00-17:00,ALD AUTOMOTIVE,CitadineHybride,42 km00h45,,63€ TOTAL,Se certifier au process client,,43.582733,5.0025809,,43.7150961,5.3122208
734883,,Montaigu-vendée (FR85),Saint-aignan-de-grand-lieu (FR44),18/03/2024 à 10:00 Rdv 10:00-12:00,18/03/2024 à 14:00,ALD AUTOMOTIVE,RoutièreThermique,38 km00h33,,38€ TOTAL,Se certifier au process client,,46.974115,-1.292745559745998,,47.1224436,-1.6345992
727615,,Montoir-de-bretagne (FR44),La chapelle-sur-erdre (FR44),14/03/2024 à 10:15,14/03/2024 à 13:00 Rdv 11:00-13:00,STELLANTIS & YOU BUSINESS,SuvThermique,60 km00h45,0-2,~ 44€ PRESTATION,Se certifier au process client,,47.3285909,-2.1543171,,47.2996846,-1.5518632
733907,,Montoir-de-bretagne (FR44),Rezé (FR44),22/03/2024 à 08:00,22/03/2024 à 12:00,CAT GRAND OUEST,20m3Thermique,63 km00h45,,61€ TOTAL,Se certifier au service complémentaire,,47.3285909,-2.1543171,,47.1905456,-1.5695287
732786,,Mont-saint-aignan (FR76),Avrigny (FR60),20/03/2024 à 11:30,20/03/2024 à 16:00,EDEN AUTO - BORDEAUX,BreakThermique,128 km02h00,6+,~ 12€ PRESTATION,Se certifier au process client,,49.4679,1.0813,,49.3817833,2.57932
733180,,Namur (BE51),Antwerpen (BE20),07/03/2024 à 09:00,13/03/2024 à 15:00,ARVAL BELGIUM B2C,CitadineThermique,109 km01h30,0-2,~ 53€ PRESTATION,Se certifier au service complémentaire,,50.4665284,4.8661892,,51.2211097,4.3997081
732847,,Poitiers (FR86),Villevêque (FR49),12/03/2024 à 09:00 Rdv 9:00-11:00,12/03/2024 à 16:00,ARVAL MOYENNE DUREE,BerlineThermique,146 km02h15,,110€ TOTAL,Se certifier au process client,,46.5802596,0.340196,,47.5601026,-0.4230772
733881,,Quarouble (FR59),Wavrin (FR59),15/03/2024 à 09:00 Rdv 9:00-11:00,15/03/2024 à 15:00,ARVAL MOYENNE DUREE,BerlineThermique,77 km00h54,6+,~ 29€ PRESTATION,Se certifier au process client,,50.3863821,3.6244948,,50.570559,2.932545
734998,,Quintigny (FR39),Ambérieu-en-bugey (FR01),13/03/2024 à 14:00 Rdv 14:00-16:00,13/03/2024 à 18:00,ALD AUTOMOTIVE,CitadineThermique,111 km01h16,,77€ TOTAL,Se certifier au process client,,46.734,5.52319,,45.9584309,5.3595099
735004,retour,Asse (BE17),Asse (BE17),14/03/2024 à 10:15,14/03/2024 à 11:30,ASTARA WESTERN EUROPE,16m3100% Electrique,5 km00h15,0-2,~ 14€ PRESTATION,Accéder, FR54,50.9094333,4.2015646,,50.9094333,4.2015646
735002,retour,Asse (BE17),Asse (BE17),14/03/2024 à 10:00,14/03/2024 à 11:30,ASTARA WESTERN EUROPE,16m3100% Electrique,5 km00h15,0-2,~ 14€ PRESTATION,Accéder, FR69,50.9094333,4.2015646,,50.9094333,4.2015646
735000,retour,Asse (BE17),Asse (BE17),14/03/2024 à 10:15,14/03/2024 à 11:30,ASTARA WESTERN EUROPE,16m3100% Electrique,5 km00h15,0-2,~ 14€ PRESTATION,Accéder, FR27,50.9094333,4.2015646,,50.9094333,4.2015646
735000,retour,Asse (BE17),Asse (BE17),14/03/2024 à 10:15,14/03/2024 à 11:30,ASTARA WESTERN EUROPE,16m3100% Electrique,5 km00h15,0-2,~ 14€ PRESTATION,Accéder, FR67,50.9094333,4.2015646,,50.9094333,4.2015646
734996,retour,Asse (BE17),Asse (BE17),14/03/2024 à 10:00,14/03/2024 à 11:30,ASTARA WESTERN EUROPE,16m3100% Electrique,5 km00h15,0-2,~ 14€ PRESTATION,Accéder, BE32,50.9094333,4.2015646,,50.9094333,4.2015646
734994,retour,Asse (BE17),Asse (BE17),14/03/2024 à 10:00,15/03/2024 à 11:30,ASTARA WESTERN EUROPE,16m3100% Electrique,5 km00h15,0-2,~ 14€ PRESTATION,Accéder, FR67,50.9094333,4.2015646,,50.9094333,4.2015646
734991,retour,Asse (BE17),Asse (BE17),13/03/2024 à 11:00,13/03/2024 à 12:00,ASTARA WESTERN EUROPE,16m3100% Electrique,5 km00h15,0-2,~ 14€ PRESTATION,Accéder, FR67,50.9094333,4.2015646,,50.9094333,4.2015646
734989,retour,Asse (BE17),Asse (BE17),13/03/2024 à 10:45,13/03/2024 à 12:00,ASTARA WESTERN EUROPE,16m3100% Electrique,5 km00h15,0-2,~ 14€ PRESTATION,Accéder, FR67,50.9094333,4.2015646,,50.9094333,4.2015646
734987,retour,Asse (BE17),Asse (BE17),13/03/2024 à 10:45,13/03/2024 à 12:00,ASTARA WESTERN EUROPE,16m3100% Electrique,5 km00h15,0-2,~ 14€ PRESTATION,Accéder, BE98,50.9094333,4.2015646,,50.9094333,4.2015646
734985,retour,Asse (BE17),Asse (BE17),13/03/2024 à 10:45,13/03/2024 à 12:00,ASTARA WESTERN EUROPE,16m3100% Electrique,5 km00h15,0-2,~ 14€ PRESTATION,Accéder, FR69,50.9094333,4.2015646,,50.9094333,4.2015646
734901,retour,Asse (BE17),Asse (BE17),15/03/2024 à 10:00,15/03/2024 à 11:30,ASTARA WESTERN EUROPE,16m3100% Electrique,5 km00h15,0-2,~ 14€ PRESTATION,Accéder, FR60,50.9094333,4.2015646,,50.9094333,4.2015646
734806,retour,Marly-la-ville (FR95),Mitry-mory (FR77),13/03/2024 à 13:00,13/03/2024 à 15:00 Rdv 13:00-15:00,GROUPE RCM,BerlineThermique,28 km00h30,03-mai,~ 27€ PRESTATION,Accéder, BE10,49.0823913,2.5034402,,48.9839674,2.6183971
734762,retour,Mougins (FR06),Nice (FR06),18/03/2024 à 10:00 Rdv 10:00-12:00,18/03/2024 à 15:00,VGRF - PLAQUE SUD,SuvHybride,31 km00h45,03-mai,~ 16€ PRESTATION,Accéder, BE28,43.6008898,6.9963543,,43.7009358,7.2683912
734657,retour,Boulogne-sur-mer (FR62),Péronne (FR80),14/03/2024 à 15:00,14/03/2024 à 17:00 Rdv 15:00-17:00,GUEUDET,SuvThermique,165 km02h00,6+,~ 47€ PRESTATION,Accéder, FR54,50.7259985,1.6118771,,49.9289578,2.9321899
734652,retour,Boulogne-sur-mer (FR62),Péronne (FR80),13/03/2024 à 15:00,13/03/2024 à 17:00 Rdv 15:00-17:00,GUEUDET,SuvThermique,165 km02h00,03-mai,~ 47€ PRESTATION,Accéder, FR54,50.7259985,1.6118771,,49.9289578,2.9321899
734644,retour,Boulogne-sur-mer (FR62),Péronne (FR80),12/03/2024 à 15:00,12/03/2024 à 17:00 Rdv 15:00-17:00,GUEUDET,MonospaceThermique,165 km02h00,03-mai,~ 47€ PRESTATION,Accéder, BE19,50.7259985,1.6118771,,49.9289578,2.9321899
734644,retour,Boulogne-sur-mer (FR62),Péronne (FR80),12/03/2024 à 15:00,12/03/2024 à 17:00 Rdv 15:00-17:00,GUEUDET,MonospaceThermique,165 km02h00,03-mai,~ 47€ PRESTATION,Accéder, FR69,50.7259985,1.6118771,,49.9289578,2.9321899
734499,retour,Saint-cyr-sur-loire (FR37),Poitiers (FR86),22/03/2024 à 14:00 Rdv 14:00-15:00,22/03/2024 à 17:00,EMIL FREY - ABCIS POITOU,SuvHybride,106 km01h15,03-mai,~ 44€ PRESTATION,Accéder, FR13,47.4052448,0.6658199,,46.5802596,0.340196
734484,retour,Agen (FR47),Nîmes (FR30),13/03/2024 à 14:00 Rdv 14:00-16:00,14/03/2024 à 09:00,BASTIDE,8m3Thermique,403 km04h00,6+,~ 49€ PRESTATION,Accéder, FR27,44.2015827,0.6176112,,43.8374249,4.3600687
734480,retour,Attin (FR62),Saint-quentin (FR02),19/03/2024 à 14:15,19/03/2024 à 16:15 Rdv 14:15-16:15,GUEUDET,BerlineThermique,176 km02h00,6+,~ 48€ PRESTATION,Accéder, BE91,50.4878746,1.7437837,,49.8465253,3.2876843
734384,retour,Paris (FR75),Fleury-mérogis (FR91),12/03/2024 à 14:00 Rdv 14:00-16:00,13/03/2024 à 12:00,ARVAL RESTITUTION,MonospaceThermique,33 km00h45,6+,~ 28€ PRESTATION,Accéder,BE16),48.8534951,2.3483915,,48.629965,2.3609313
734374,retour,Paris (FR75),Fleury-mérogis (FR91),18/03/2024 à 14:00 Rdv 14:00-16:00,19/03/2024 à 10:00,ARVAL RESTITUTION,BerlineThermique,33 km00h45,6+,~ 28€ PRESTATION,Accéder,BE46),48.8534951,2.3483915,,48.629965,2.3609313
734374,retour,Paris (FR75),Fleury-mérogis (FR91),18/03/2024 à 14:00 Rdv 14:00-16:00,19/03/2024 à 10:00,ARVAL RESTITUTION,BerlineThermique,33 km00h45,6+,~ 28€ PRESTATION,Accéder,BE20),48.8534951,2.3483915,,48.629965,2.3609313
734362,retour,Besançon (FR25),Ambérieu-en-bugey (FR01),19/03/2024 à 11:00 Rdv 11:00-13:00,19/03/2024 à 16:00,ARVAL RESTITUTION,BerlineThermique,207 km02h15,6+,~ 40€ PRESTATION,Accéder,FR74),47.2380222,6.0243622,,45.9584309,5.3595099
734358,retour,Besançon (FR25),Ambérieu-en-bugey (FR01),21/03/2024 à 10:00 Rdv 10:00-12:00,21/03/2024 à 16:00,ARVAL RESTITUTION,BerlineThermique,207 km02h15,6+,~ 40€ PRESTATION,Accéder,FR01),47.2380222,6.0243622,,45.9584309,5.3595099
734352,retour,Nantes (FR44),Fleury-mérogis (FR91),20/03/2024 à 10:00 Rdv 10:00-12:00,20/03/2024 à 16:00,ARVAL RESTITUTION,BerlineThermique,368 km03h30,03-mai,~ 67€ PRESTATION,Accéder,BE91),47.2186371,-1.5541362,,48.629965,2.3609313
734348,retour,Paris (FR75),Fleury-mérogis (FR91),12/03/2024 à 15:00 Rdv 15:00-17:00,13/03/2024 à 12:00,ARVAL RESTITUTION,BerlineHybride,33 km00h45,6+,~ 28€ PRESTATION,Accéder,BE47),48.8534951,2.3483915,,48.629965,2.3609313
734337,retour,Auzeville-tolosane (FR31),Castelnau-d'estrétefonds (FR31),13/03/2024 à 14:00 Rdv 14:00-16:00,14/03/2024 à 11:00,ARVAL RESTITUTION,BerlineThermique,38 km00h45,6+,~ 29€ PRESTATION,Accéder,BE36),43.5292199,1.4829226,,43.78251,1.3590892
734329,retour,Mundolsheim (FR67),Ambérieu-en-bugey (FR01),12/03/2024 à 14:00 Rdv 14:00-16:00,13/03/2024 à 12:00,ARVAL RESTITUTION,BreakThermique,457 km04h45,0-2,~ 76€ PRESTATION,Accéder,FR33),48.6416216,7.7150066,,45.9584309,5.3595099
734327,retour,Paris (FR75),Fleury-mérogis (FR91),12/03/2024 à 14:00 Rdv 14:00-16:00,13/03/2024 à 11:00,ARVAL RESTITUTION,BreakThermique,33 km00h45,03-mai,~ 28€ PRESTATION,Accéder,BE41),48.8534951,2.3483915,,48.629965,2.3609313
734325,retour,Paris (FR75),Fleury-mérogis (FR91),13/03/2024 à 10:00 Rdv 10:00-12:00,13/03/2024 à 16:00,ARVAL RESTITUTION,BreakThermique,33 km00h45,6+,~ 22€ PRESTATION,Accéder,FR38),48.8534951,2.3483915,,48.629965,2.3609313
734322,retour,Lyon (FR69),Ambérieu-en-bugey (FR01),13/03/2024 à 11:00 Rdv 11:00-13:00,13/03/2024 à 16:00,ARVAL RESTITUTION,BreakThermique,57 km01h00,6+,~ 26€ PRESTATION,Accéder,FR79),45.7578137,4.8320114,,45.9584309,5.3595099
734312,retour,Poitiers (FR86),Fleury-mérogis (FR91),15/03/2024 à 14:00 Rdv 14:00-16:00,15/03/2024 à 18:00,ARVAL RESTITUTION,BerlineThermique,322 km03h00,03-mai,~ 63€ PRESTATION,Accéder,FR01),46.5802596,0.340196,,48.629965,2.3609313
734304,retour,Saint-raphaël (FR83),Ambérieu-en-bugey (FR01),12/03/2024 à 15:00 Rdv 15:00-17:00,13/03/2024 à 12:00,ARVAL RESTITUTION,BreakThermique,469 km04h45,03-mai,~ 77€ PRESTATION,Accéder,BE35),45.3043079,1.0747165,,45.9584309,5.3595099
734302,retour,Offendorf (FR67),Ambérieu-en-bugey (FR01),12/03/2024 à 10:00 Rdv 10:00-12:00,12/03/2024 à 16:00,ARVAL RESTITUTION,BreakThermique,472 km05h00,0-2,~ 78€ PRESTATION,Accéder,FR11),48.7118236,7.9123631,,45.9584309,5.3595099
734298,retour,Bordeaux (FR33),Castelnau-d'estrétefonds (FR31),19/03/2024 à 14:00 Rdv 14:00-16:00,19/03/2024 à 18:00,ARVAL RESTITUTION,MonospaceThermique,227 km02h15,6+,~ 42€ PRESTATION,Accéder,FR78),44.841225,-0.5800364,,43.78251,1.3590892
734295,retour,Limoges (FR87),Castelnau-d'estrétefonds (FR31),13/03/2024 à 14:00 Rdv 14:00-16:00,14/03/2024 à 10:00,ARVAL RESTITUTION,MonospaceThermique,273 km02h45,6+,~ 46€ PRESTATION,Accéder,FR88),45.8354243,1.2644847,,43.78251,1.3590892
734284,retour,Belfort (FR90),Ambérieu-en-bugey (FR01),13/03/2024 à 14:00 Rdv 14:00-16:00,14/03/2024 à 10:00,ARVAL RESTITUTION,BerlineThermique,297 km03h00,03-mai,~ 48€ PRESTATION,Accéder,FR84),47.6379599,6.8628942,,45.9584309,5.3595099
734282,retour,Belfort (FR90),Ambérieu-en-bugey (FR01),29/03/2024 à 14:00 Rdv 14:00-16:00,30/03/2024 à 10:00,ARVAL RESTITUTION,BerlineThermique,297 km03h00,6+,~ 48€ PRESTATION,Accéder,FR67),47.6379599,6.8628942,,45.9584309,5.3595099
734266,retour,Bayonne (FR64),Castelnau-d'estrétefonds (FR31),13/03/2024 à 09:00 Rdv 9:00-11:00,13/03/2024 à 16:00,ARVAL RESTITUTION,BerlineThermique,320 km03h00,03-mai,~ 62€ PRESTATION,Accéder,FR13),43.4945144,-1.4736657,,43.78251,1.3590892
734250,retour,Nantes (FR44),Fleury-mérogis (FR91),20/03/2024 à 09:00 Rdv 9:00-11:00,20/03/2024 à 16:00,ARVAL RESTITUTION,BerlineThermique,368 km03h30,6+,~ 53€ PRESTATION,Accéder,FR68),47.2186371,-1.5541362,,48.629965,2.3609313
734245,retour,Cherbourg (FR50),Fleury-mérogis (FR91),12/03/2024 à 14:00 Rdv 14:00-16:00,13/03/2024 à 12:00,ARVAL RESTITUTION,BreakThermique,381 km04h00,0-2,~ 54€ PRESTATION,Accéder,ES41),49.6425343,-1.6249565,,48.629965,2.3609313
734238,retour,Nantes (FR44),Fleury-mérogis (FR91),20/03/2024 à 10:00 Rdv 10:00-12:00,20/03/2024 à 16:00,ARVAL RESTITUTION,BerlineThermique,368 km03h30,6+,~ 67€ PRESTATION,Accéder,FR62),47.2186371,-1.5541362,,48.629965,2.3609313
734234,retour,Caen (FR14),Fleury-mérogis (FR91),18/03/2024 à 11:00 Rdv 11:00-13:00,18/03/2024 à 16:00,ARVAL RESTITUTION,BerlineThermique,259 km02h45,03-mai,~ 56€ PRESTATION,Accéder,FR59),49.1813403,-0.3635615,,48.629965,2.3609313
734231,retour,Strasbourg (FR67),Ambérieu-en-bugey (FR01),13/03/2024 à 10:00 Rdv 10:00-12:00,13/03/2024 à 16:00,ARVAL RESTITUTION,10m3Thermique,448 km04h30,03-mai,~ 75€ PRESTATION,Accéder,FR54),48.584614,7.7507127,,45.9584309,5.3595099
734228,retour,Metz (FR57),Fleury-mérogis (FR91),12/03/2024 à 14:00 Rdv 14:00-16:00,13/03/2024 à 12:00,ARVAL RESTITUTION,10m3Thermique,356 km03h45,0-2,~ 66€ PRESTATION,Accéder,BE85),49.1196964,6.1763552,,48.629965,2.3609313
734224,retour,Nancy (FR54),Fleury-mérogis (FR91),19/03/2024 à 15:00 Rdv 15:00-17:00,19/03/2024 à 18:00,ARVAL RESTITUTION,10m3Thermique,391 km04h00,0-2,~ 69€ PRESTATION,Accéder,FR54),48.6937223,6.1834097,,48.629965,2.3609313
734217,retour,Caen (FR14),Fleury-mérogis (FR91),19/03/2024 à 11:00 Rdv 11:00-13:00,19/03/2024 à 16:00,ARVAL RESTITUTION,10m3Thermique,259 km02h45,6+,~ 44€ PRESTATION,Accéder,FR59),49.1813403,-0.3635615,,48.629965,2.3609313
734206,retour,Besançon (FR25),Ambérieu-en-bugey (FR01),20/03/2024 à 14:00 Rdv 14:00-16:00,20/03/2024 à 18:00,ARVAL RESTITUTION,10m3Thermique,207 km02h15,6+,~ 40€ PRESTATION,Accéder,BE90),47.2380222,6.0243622,,45.9584309,5.3595099
734204,retour,Nantes (FR44),Fleury-mérogis (FR91),20/03/2024 à 09:00 Rdv 9:00-11:00,20/03/2024 à 14:30,ARVAL RESTITUTION,BerlineThermique,368 km03h30,0-2,~ 67€ PRESTATION,Accéder,BE20),47.2186371,-1.5541362,,48.629965,2.3609313
734202,retour,Nantes (FR44),Fleury-mérogis (FR91),20/03/2024 à 09:00 Rdv 9:00-11:00,20/03/2024 à 16:00,ARVAL RESTITUTION,BerlineThermique,368 km03h30,6+,~ 67€ PRESTATION,Accéder,BE19),47.2186371,-1.5541362,,48.629965,2.3609313
734187,retour,Toulouse (FR31),Castelnau-d'estrétefonds (FR31),15/03/2024 à 10:00 Rdv 10:00-12:00,15/03/2024 à 12:00,ARVAL RESTITUTION,BerlineThermique,27 km00h45,6+,~ 20€ PRESTATION,Accéder,FR12),43.6044622,1.4442469,,43.78251,1.3590892
734173,retour,Caen (FR14),Fleury-mérogis (FR91),13/03/2024 à 11:00 Rdv 11:00-13:00,13/03/2024 à 16:00,ARVAL RESTITUTION,BerlineThermique,259 km02h45,6+,~ 44€ PRESTATION,Accéder,FR94),49.1813403,-0.3635615,,48.629965,2.3609313
734171,retour,Saint-clément-de-rivière (FR34),Castelnau-d'estrétefonds (FR31),12/03/2024 à 10:00 Rdv 10:00-12:00,12/03/2024 à 16:00,ARVAL RESTITUTION,BreakThermique,275 km03h00,0-2,~ 58€ PRESTATION,Accéder,FR94),43.6843999,3.8466598,,43.78251,1.3590892
734168,retour,Nice (FR06),Ambérieu-en-bugey (FR01),18/03/2024 à 14:00 Rdv 14:00-16:00,19/03/2024 à 12:00,ARVAL RESTITUTION,BerlineThermique,524 km05h15,6+,~ 83€ PRESTATION,Accéder,FR94),43.7009358,7.2683912,,45.9584309,5.3595099
734143,retour,Cherbourg (FR50),Fleury-mérogis (FR91),12/03/2024 à 14:00 Rdv 14:00-16:00,13/03/2024 à 11:00,ARVAL RESTITUTION,10m3Thermique,381 km04h00,0-2,~ 54€ PRESTATION,Accéder,FR49),49.6425343,-1.6249565,,48.629965,2.3609313
734115,retour,Poitiers (FR86),Fleury-mérogis (FR91),14/03/2024 à 14:00 Rdv 14:00-16:00,15/03/2024 à 12:00,ARVAL RESTITUTION,BerlineThermique,322 km03h00,6+,~ 63€ PRESTATION,Accéder,FR31),46.5802596,0.340196,,48.629965,2.3609313
734103,retour,La rochelle (FR17),Castelnau-d'estrétefonds (FR31),14/03/2024 à 14:00 Rdv 14:00-16:00,14/03/2024 à 16:00,ARVAL RESTITUTION,BerlineThermique,409 km04h00,6+,~ 56€ PRESTATION,Accéder,FR13),46.1591126,-1.1520434,,43.78251,1.3590892
734097,retour,Nice (FR06),Ambérieu-en-bugey (FR01),18/03/2024 à 14:00 Rdv 14:00-16:00,19/03/2024 à 12:00,ARVAL RESTITUTION,8m3Thermique,524 km05h15,0-2,~ 83€ PRESTATION,Accéder,FR31),43.7009358,7.2683912,,45.9584309,5.3595099
734093,retour,Nîmes (FR30),Ambérieu-en-bugey (FR01),14/03/2024 à 14:00 Rdv 14:00-16:00,15/03/2024 à 10:30,ARVAL RESTITUTION,BerlineThermique,314 km03h30,03-mai,~ 62€ PRESTATION,Accéder,FR31),43.8374249,4.3600687,,45.9584309,5.3595099
734083,retour,Nice (FR06),Ambérieu-en-bugey (FR01),18/03/2024 à 14:00 Rdv 14:00-16:00,19/03/2024 à 16:00,ARVAL RESTITUTION,BerlineThermique,524 km05h15,6+,~ 83€ PRESTATION,Accéder,FR06),43.7009358,7.2683912,,45.9584309,5.3595099
734067,retour,Nîmes (FR30),Ambérieu-en-bugey (FR01),13/03/2024 à 10:00 Rdv 10:00-12:00,13/03/2024 à 13:00,ARVAL RESTITUTION,BerlineThermique,314 km03h30,0-2,~ 62€ PRESTATION,Accéder,FR06),43.8374249,4.3600687,,45.9584309,5.3595099
734046,retour,Châteauroux (FR36),Fleury-mérogis (FR91),12/03/2024 à 15:00 Rdv 15:00-17:00,13/03/2024 à 12:00,ARVAL RESTITUTION,BerlineThermique,255 km02h30,6+,~ 56€ PRESTATION,Accéder,FR80),46.8203785,1.6770956,,48.629965,2.3609313
734044,retour,Châteauroux (FR36),Fleury-mérogis (FR91),12/03/2024 à 11:00,12/03/2024 à 15:00,ARVAL RESTITUTION,BerlineThermique,255 km02h30,0-2,~ 56€ PRESTATION,Accéder,FR06),46.8203785,1.6770956,,48.629965,2.3609313
733685,retour,Ruy-montceau (FR38),Ambérieu-en-bugey (FR01),20/03/2024 à 17:00 Rdv 17:00-18:00,21/03/2024 à 09:00 Rdv 8:00-9:00,COFEPP,BerlineThermique,60 km01h15,6+,~ 34€ PRESTATION,Accéder,FR31),45.5884827,5.346999509653573,,45.9584309,5.3595099
733954,,Saint-ail (FR54),Vendenheim (FR67),14/03/2024 à 08:15,14/03/2024 à 16:00 Rdv 14:00-16:00,CAT NORD EST,SuvHybride,178 km02h00,,108€ TOTAL,Se certifier au service complémentaire,,49.1808501,5.9960901,,48.6656016,7.7109609
733854,,Saint-ail (FR54),Houssen (FR68),15/03/2024 à 08:15,15/03/2024 à 12:15,CAT NORD EST,SuvHybride,250 km02h45,03-mai,~ 70€ PRESTATION,Se certifier au service complémentaire,,49.1808501,5.9960901,,48.1258756,7.3790238
733845,,Saint-ail (FR54),Cattenom (FR57),19/03/2024 à 08:15,19/03/2024 à 12:00 Rdv 10:00-12:00,CAT NORD EST,BreakThermique,49 km00h45,,51€ TOTAL,Se certifier au service complémentaire,,49.1808501,5.9960901,,49.4074405,6.244669
733835,,Saint-ail (FR54),Entzheim (FR67),19/03/2024 à 08:15,19/03/2024 à 13:00 Rdv 11:00-13:00,CAT NORD EST,CitadineThermique,203 km02h15,03-mai,~ 51€ PRESTATION,Se certifier au service complémentaire,,49.1808501,5.9960901,,48.5346177,7.6358832
733893,,Saint-ail (FR54),Strasbourg (FR67),25/03/2024 à 08:15,25/03/2024 à 12:00,CAT NORD EST,BerlineHybride,188 km02h00,6+,~ 64€ PRESTATION,Se certifier au service complémentaire,,49.1808501,5.9960901,,48.584614,7.7507127
734878,,Saint-herblain (FR44),Saint-aignan-de-grand-lieu (FR44),18/03/2024 à 10:00 Rdv 10:00-12:00,18/03/2024 à 13:00,ALD AUTOMOTIVE,RoutièreThermique,16 km00h17,,27€ TOTAL,Se certifier au process client,,47.2233007,-1.6346964,,47.1224436,-1.6345992
733550,,Saint-priest (FR69),Lissieu (FR69),27/03/2024 à 09:25,27/03/2024 à 12:00 Rdv 10:00-12:00,ALD AUTOMOTIVE,Citadine100% Electrique,35 km00h34,,40€ TOTAL,Se certifier au process client,,44.7177,4.54685,,45.8652176,4.742215
734629,,Sallaumines (FR62),Vendin-lès-béthune (FR62),14/03/2024 à 10:00 Rdv 10:00-12:00,14/03/2024 à 16:00,STELLANTIS & YOU BUSINESS,SuvThermique,38 km00h45,03-mai,~ 19€ PRESTATION,Se certifier au process client,,50.4205435,2.8591238,,50.548777,2.6008182
733678,,Seraing (BE41),Antwerpen (BE20),08/03/2024 à 09:00,12/03/2024 à 15:00,ARVAL BELGIUM B2C,BerlineThermique,138 km01h45,0-2,~ 57€ PRESTATION,Se certifier au service complémentaire,,50.6152381,5.5089437,,51.2211097,4.3997081
733729,,Sevremoine (FR49),Saint-aignan-de-grand-lieu (FR44),15/03/2024 à 09:00 Rdv 9:00-11:00,15/03/2024 à 15:05,ALD AUTOMOTIVE,CitadineThermique,68 km00h53,,62€ TOTAL,Se certifier au process client,,47.08775155,-1.0821288289702786,,47.1224436,-1.6345992
734633,,St cyr au mont d or (FR69),Ambérieu-en-bugey (FR01),13/03/2024 à 09:00 Rdv 9:00-11:00,13/03/2024 à 15:00,ALD AUTOMOTIVE,CitadineThermique,61 km00h46,,53€ TOTAL,Se certifier au process client,,45.8156548,4.8175958,,45.9584309,5.3595099
734500,,Strasbourg (FR67),Forbach (FR57),12/03/2024 à 10:00 Rdv 10:00-12:00,12/03/2024 à 14:00,ALD AUTOMOTIVE,CitadineThermique,124 km01h19,,92€ TOTAL,Se certifier au process client,,48.584614,7.7507127,,49.1862822,6.8958562
733894,,Strasbourg (FR67),Saint-ail (FR54),25/03/2024 à 12:00,25/03/2024 à 16:15,CAT NORD EST,SuvThermique,188 km02h15,6+,~ 29€ PRESTATION,Se certifier au service complémentaire,,48.584614,7.7507127,,49.1808501,5.9960901
734961,,Tarbes (FR65),Castelnau-d\'estrétefonds (FR31),19/03/2024 à 12:00 Rdv 12:00-14:00,19/03/2024 à 16:00,STELLANTIS & YOU BUSINESS,BerlineThermique,177 km02h00,0-2,~ 48€ PRESTATION,Se certifier au process client,,43.232858,0.0781021,,43.78251,1.3590892
734895,,Tarnos (FR40),Saint-étienne-de-baïgorry (FR64),13/03/2024 à 08:00,13/03/2024 à 16:00 Rdv 14:00-16:00,CAT SUD OUEST,BerlineThermique,62 km01h00,,72€ TOTAL,Se certifier au service complémentaire,,43.5405622,-1.4611915,,43.176891,-1.343027
734874,,Toulouse (FR31),Laguiole (FR12),22/03/2024 à 09:00,22/03/2024 à 15:00 Rdv 14:00-15:00,EDEN AUTO - TOULOUSE,SuvThermique,201 km02h30,6+,~ 50€ PRESTATION,Se certifier au process client,,43.6044622,1.4442469,,44.6839098,2.8468743
735044,,Valenton (FR94),Courbevoie (FR92),15/03/2024 à 08:30,15/03/2024 à 12:00 Rdv 10:00-12:00,ARVAL MOYENNE DUREE,BerlineThermique,36 km01h00,,42€ TOTAL,Se certifier au process client,,48.7443189,2.4699741,,48.8953328,2.2561602
734997,,Valenton (FR94),Cléré-les-pins (FR37),15/03/2024 à 08:30,15/03/2024 à 14:00 Rdv 12:00-14:00,ARVAL MOYENNE DUREE,SuvThermique,270 km03h00,,144€ TOTAL,Se certifier au process client,,48.7443189,2.4699741,,47.4253814,0.3879668
733610,,Vallet (FR44),Villevêque (FR49),21/03/2024 à 09:00 Rdv 9:00-11:00,21/03/2024 à 16:00,ARVAL MOYENNE DUREE,SuvHybride,100 km01h15,,80€ TOTAL,Se certifier au process client,,47.1610036,-1.2657431,,47.5601026,-0.4230772
733850,,Velaux (FR13),Valence (FR26),11/03/2024 à 09:00,11/03/2024 à 16:00 Rdv 14:00-16:00,STELLANTIS & YOU MARSEILLE,12m3100% Electrique,193 km02h00,,132€ TOTAL,Se certifier au service complémentaire,,43.5217717,5.2540649,,39.4697065,-0.3763353
734435,,Villeurbanne (FR69),Ambérieu-en-bugey (FR01),28/03/2024 à 11:00,28/03/2024 à 15:00,EDEN AUTO - BORDEAUX,BreakThermique,58 km01h00,6+,~ 9€ PRESTATION,Se certifier au process client,,45.7733573,4.8868454,,45.9584309,5.3595099
734861,,Villevêque (FR49),Tancarville (FR76),15/03/2024 à 08:30,15/03/2024 à 15:00 Rdv 13:00-15:00,ARVAL MOYENNE DUREE,8m3Thermique,290 km03h00,,162€ TOTAL,Se certifier au process client,,47.5601026,-0.4230772,,49.4869212,0.4523174
732473,,Watermael-boitsfort (BE11),Sint-niklaas (BE91),08/03/2024 à 09:30,13/03/2024 à 15:30,ARVAL BELGIUM B2C,MinibusThermique,78 km01h15,0-2,~ 48€ PRESTATION,Se certifier au service complémentaire,,50.7981063,4.4176441,,51.1646685,4.1395124
733965,,Wavrin (FR59),Verquin (FR62),12/03/2024 à 08:30,12/03/2024 à 12:00,STELLANTIS & YOU BUSINESS,BerlineThermique,31 km00h45,,40€ TOTAL,Se certifier au process client,,50.570559,2.932545,,50.5011555,2.6411556
733978,,Wavrin (FR59),Verquin (FR62),12/03/2024 à 08:00,12/03/2024 à 12:00,STELLANTIS & YOU BUSINESS,BerlineThermique,31 km00h45,,40€ TOTAL,Se certifier au process client,,50.570559,2.932545,,50.5011555,2.6411556
734628,,Wavrin (FR59),Sallaumines (FR62),14/03/2024 à 08:30,14/03/2024 à 12:00 Rdv 10:00-12:00,STELLANTIS & YOU BUSINESS,SuvHybride,32 km00h45,03-mai,~ 33€ PRESTATION,Se certifier au process client,,50.570559,2.932545,,50.4205435,2.8591238
733880,,Wavrin (FR59),Quarouble (FR59),15/03/2024 à 08:06,15/03/2024 à 11:00 Rdv 9:00-11:00,ARVAL MOYENNE DUREE,BerlineThermique,77 km00h53,6+,~ 52€ PRESTATION,Se certifier au process client,,50.570559,2.932545,,50.3863821,3.6244948
733155,,Zaventem (BE19),Sint-niklaas (BE91),07/03/2024 à 09:00,13/03/2024 à 15:00,ARVAL BELGIUM B2C,Citadine(2places)Thermique,50 km01h00,0-2,~ 41€ PRESTATION,Se certifier au service complémentaire,,50.8806207,4.4730008,,51.1646685,4.1395124
735053,,Strasbourg (FR67),Illkirch-graffenstaden (FR67),14/03/2024 à 09:45,14/03/2024 à 11:15,HESS EST,SuvThermique,13 km00h30,,26€ TOTAL,Accéder, FR57,48.584614,7.7507127,,48.5298611,7.7116218
735050,,Rixheim (FR68),Chavelot (FR88),11/03/2024 à 08:00,12/03/2024 à 16:00,FRAIKIN,40m3Thermique,127 km02h00,,97€ TOTAL,Accéder, FR59,47.7441969,7.3968786,,48.2379707,6.4375549
735045,,Meulebeke (BE87),Gent (BE90),12/03/2024 à 09:00,12/03/2024 à 16:00,CIAC FLEET,CitadineThermique,42 km01h00,0-2,~ 30€ PRESTATION,Accéder, FR46,50.94858225,3.286389945227539,,51.0538286,3.7250121
735039,,Kruibeke (BE91),Waregem (BE87),13/03/2024 à 07:15,13/03/2024 à 16:00,VINCI FACILITIES BELGIUM,2m3Thermique,77 km01h00,0-2,~ 37€ PRESTATION,Accéder, FR33,51.17625475,4.298036873275151,,50.8868222,3.4323622
735032,,Vilvoorde (BE18),Evergem (BE99),11/03/2024 à 10:00,11/03/2024 à 14:30,FREE2MOVE RENT BE,SuvThermique,77 km01h00,0-2,~ 37€ PRESTATION,Accéder, FR33,50.928711,4.423126,,51.1087891,3.7078565
735030,,Zaventem (BE19),Antwerpen (BE20),11/03/2024 à 09:00,11/03/2024 à 15:00,ARVAL BELGIUM B2C,CitadineThermique,47 km00h45,0-2,~ 31€ PRESTATION,Accéder, FR33,50.8806207,4.4730008,,51.2211097,4.3997081
735027,,Zaventem (BE19),Antwerpen (BE20),11/03/2024 à 09:00,11/03/2024 à 15:00,ARVAL BELGIUM B2C,SuvThermique,47 km00h45,0-2,~ 31€ PRESTATION,Accéder, FR33,50.8806207,4.4730008,,51.2211097,4.3997081
734983,,Aartselaar (BE26),Zwijndrecht (BE20),12/03/2024 à 09:30,12/03/2024 à 14:30,EQUANS NV,5m3Thermique,14 km00h30,0-2,~ 23€ PRESTATION,Accéder, FR76,51.133297,4.3870241,,51.8162227,4.6405166
734980,,Noirmoutier (FR85),Le cellier (FR44),02/04/2024 à 09:00,02/04/2024 à 11:30,RRG CENTRE DE GESTION,BerlineThermique,112 km01h45,,70€ TOTAL,Accéder, FR54,47.000089,-2.2441449,,47.3186735,-1.3465357
734974,,Nort-sur-erdre (FR44),Le cellier (FR44),28/03/2024 à 09:00,28/03/2024 à 11:30,RRG CENTRE DE GESTION,SuvThermique,23 km00h30,,31€ TOTAL,Accéder, FR46,47.4398626,-1.499037,,47.3186735,-1.3465357
734971,,Nort-sur-erdre (FR44),Le cellier (FR44),28/03/2024 à 09:00,28/03/2024 à 11:30,RRG CENTRE DE GESTION,BerlineThermique,23 km00h30,,29€ TOTAL,Accéder, FR67,47.4398626,-1.499037,,47.3186735,-1.3465357
734966,,Nort-sur-erdre (FR44),Le cellier (FR44),28/03/2024 à 09:00,28/03/2024 à 11:30,RRG CENTRE DE GESTION,BerlineThermique,23 km00h30,,29€ TOTAL,Accéder, BE11,47.4398626,-1.499037,,47.3186735,-1.3465357
734938,,Lier (BE25),Gent (BE90),21/03/2024 à 08:30,21/03/2024 à 17:00,CIAC FLEET,CitadineHybride,88 km01h30,0-2,~ 39€ PRESTATION,Accéder, FR13,51.131069,4.5696516,,51.0538286,3.7250121
734914,,Villenave-d\'ornon (FR33),Cestas (FR33),13/03/2024 à 14:00,13/03/2024 à 14:45,LIDL,SuvThermique,16 km00h30,,31€ TOTAL,Accéder, BE60,44.7737872,-0.5595029,,44.7411574,-0.6841225
734821,,Voreppe (FR38),Vénissieux (FR69),28/03/2024 à 09:00,28/03/2024 à 11:00,RRG CENTRE DE GESTION,12m3Thermique,90 km01h00,,59€ TOTAL,Accéder, FR59,45.2928424,5.6361825,,45.6977109,4.8855966
734816,,Voreppe (FR38),Vénissieux (FR69),28/03/2024 à 09:00,28/03/2024 à 11:00,RRG CENTRE DE GESTION,BerlineThermique,90 km01h00,,58€ TOTAL,Accéder, FR01,45.2928424,5.6361825,,45.6977109,4.8855966
734811,,Voreppe (FR38),Vénissieux (FR69),28/03/2024 à 09:00,28/03/2024 à 11:00,RRG CENTRE DE GESTION,BerlineThermique,90 km01h00,,58€ TOTAL,Accéder, FR01,45.2928424,5.6361825,,45.6977109,4.8855966
734731,,Rhode-saint-genèse (BE16),Antwerpen (BE20),12/03/2024 à 09:00,12/03/2024 à 15:00,ARVAL BELGIUM B2C,BerlineThermique,63 km01h15,0-2,~ 34€ PRESTATION,Accéder, BE29,50.74503,4.3463687,,51.2211097,4.3997081
734709,,Saint-médard-en-jalles (FR33),Bassens (FR33),05/04/2024 à 09:00,05/04/2024 à 11:30,RRG CENTRE DE GESTION,Berline100% Electrique,24 km00h30,,30€ TOTAL,Accéder, BE51,44.8958887,-0.7170764,,44.9015003,-0.5163222
734694,,Diksmuide (BE86),Antwerpen (BE20),11/03/2024 à 09:00,14/03/2024 à 15:00,ARVAL BELGIUM B2C,CitadineThermique,138 km01h45,03-mai,~ 44€ PRESTATION,Accéder, BE35,51.0333408,2.8647185,,51.2211097,4.3997081
734693,,Dilbeek (BE17),Antwerpen (BE20),11/03/2024 à 09:00,14/03/2024 à 15:00,ARVAL BELGIUM B2C,MonospaceThermique,49 km01h00,03-mai,~ 31€ PRESTATION,Accéder, BE29,50.8480711,4.2662591,,51.2211097,4.3997081
734692,,Dilbeek (BE17),Antwerpen (BE20),11/03/2024 à 09:00,14/03/2024 à 15:00,ARVAL BELGIUM B2C,MinibusThermique,49 km01h00,03-mai,~ 31€ PRESTATION,Accéder, BE91,50.8480711,4.2662591,,51.2211097,4.3997081
734691,,Hasselt (BE35),Antwerpen (BE20),11/03/2024 à 09:00,14/03/2024 à 15:00,ARVAL BELGIUM B2C,BerlineThermique,82 km01h15,03-mai,~ 38€ PRESTATION,Accéder, BE36,50.9303735,5.3378043,,51.2211097,4.3997081
734685,,Hasselt (BE35),Antwerpen (BE20),11/03/2024 à 09:00,14/03/2024 à 15:00,ARVAL BELGIUM B2C,SuvThermique,82 km01h15,03-mai,~ 38€ PRESTATION,Accéder, FR54,50.9303735,5.3378043,,51.2211097,4.3997081
734684,,Hasselt (BE35),Antwerpen (BE20),11/03/2024 à 09:00,14/03/2024 à 15:00,ARVAL BELGIUM B2C,BerlineThermique,82 km01h15,03-mai,~ 38€ PRESTATION,Accéder, BE18,50.9303735,5.3378043,,51.2211097,4.3997081
734682,,Namur (BE51),Antwerpen (BE20),11/03/2024 à 09:00,11/03/2024 à 15:00,ARVAL BELGIUM B2C,MonospaceThermique,109 km01h30,0-2,~ 41€ PRESTATION,Accéder, BE18,50.4665284,4.8661892,,51.2211097,4.3997081
734570,,Montoir-de-bretagne (FR44),Les lucs-sur-boulogne (FR85),12/03/2024 à 08:30,12/03/2024 à 12:00 Rdv 10:45-12:00,CHOPARD,2m3Thermique,111 km01h30,,94€ TOTAL,Accéder, FR69,47.3285909,-2.1543171,,46.8440826,-1.4948903
734514,,Champagne-au-mont-d'or (FR69),Loyettes (FR01),13/03/2024 à 11:30,13/03/2024 à 15:00 Rdv 14:00-15:00,DRIVALIA FRANCE,SuvThermique,46 km00h45,,47€ TOTAL,Accéder, FR24,45.7954913,4.789458,,45.7739423,5.2053916
734508,,Champagne-au-mont-d'or (FR69),Loyettes (FR01),13/03/2024 à 11:30,13/03/2024 à 16:00 Rdv 14:00-16:00,DRIVALIA FRANCE,BerlineThermique,46 km00h45,,46€ TOTAL,Accéder, FR13,45.7954913,4.789458,,45.7739423,5.2053916
734431,,Bierges (BE13),Kortrijk (BE85),13/03/2024 à 09:30 Rdv 9:30-10:30,13/03/2024 à 11:45,DELAWARE,Citadine100% Electrique,125 km01h30,0-2,~ 43€ PRESTATION,Accéder,BE36),50.7111796,4.5894025,,50.8276429,3.2659884
734002,,Kortrijk (BE85),Lummen (BE35),13/03/2024 à 08:30 Rdv 8:30-11:45,13/03/2024 à 11:45,DELAWARE,Citadine100% Electrique,165 km01h41,0-2,~ 57€ PRESTATION,Accéder,FR33),50.8276429,3.2659884,,50.9862157,5.1918579
733982,,Zwijndrecht (BE20),Zwijndrecht (BE20),04/04/2024 à 09:00 Rdv 9:00-10:00,04/04/2024 à 12:00 Rdv 11:00-12:00,CRYNS CARROSSERIE,CitadineThermique,5 km00h15,0-2,~ 21€ PRESTATION,Accéder,FR31),51.8162227,4.6405166,,51.8162227,4.6405166
733927,,Kortrijk (BE85),Gent (BE90),08/04/2024 à 08:45 Rdv 8:45-9:45,08/04/2024 à 11:30,DELAWARE,Citadine100% Electrique,57 km00h45,03-mai,~ 43€ PRESTATION,Accéder,FR33),50.8276429,3.2659884,,51.0538286,3.7250121
733633,,Genk (BE36),Antwerpen (BE20),07/03/2024 à 09:00,12/03/2024 à 15:00,ARVAL BELGIUM B2C,CitadineThermique,94 km01h15,03-mai,~ 40€ PRESTATION,Accéder,BE30),50.9654864,5.5001456,,51.2211097,4.3997081
733613,,Eupen (BE47),Antwerpen (BE20),07/03/2024 à 09:00,12/03/2024 à 15:00,ARVAL BELGIUM B2C,SuvThermique,159 km02h00,03-mai,~ 46€ PRESTATION,Accéder,FR86),50.6305665,6.0312717,,51.2211097,4.3997081
733591,,Waremme (BE43),Antwerpen (BE20),07/03/2024 à 09:00,12/03/2024 à 15:00,ARVAL BELGIUM B2C,SuvThermique,111 km01h30,03-mai,~ 41€ PRESTATION,Accéder,FR24),50.6976875,5.2546191,,51.2211097,4.3997081
733588,,Sint-niklaas (BE91),Antwerpen (BE20),07/03/2024 à 09:00,12/03/2024 à 15:00,ARVAL BELGIUM B2C,MinibusThermique,23 km00h30,03-mai,~ 25€ PRESTATION,Accéder,FR13),51.1646685,4.1395124,,51.2211097,4.3997081
733569,,Dilbeek (BE17),Antwerpen (BE20),07/03/2024 à 09:00,12/03/2024 à 15:00,ARVAL BELGIUM B2C,BerlineThermique,49 km01h00,0-2,~ 31€ PRESTATION,Accéder,FR06),50.8480711,4.2662591,,51.2211097,4.3997081
733544,,Antwerpen (BE20),Antwerpen (BE20),07/03/2024 à 09:00,12/03/2024 à 15:00,ARVAL BELGIUM B2C,BerlineThermique,5 km00h15,6+,~ 21€ PRESTATION,Accéder,FR59),51.2211097,4.3997081,,51.2211097,4.3997081
733542,,Hasselt (BE35),Antwerpen (BE20),07/03/2024 à 09:00,13/03/2024 à 15:00,ARVAL BELGIUM B2C,CitadineThermique,82 km01h15,03-mai,~ 38€ PRESTATION,Accéder,FR44),50.9303735,5.3378043,,51.2211097,4.3997081
733541,,Herve (BE46),Antwerpen (BE20),07/03/2024 à 09:00,13/03/2024 à 15:00,ARVAL BELGIUM B2C,SuvThermique,140 km01h45,6+,~ 44€ PRESTATION,Accéder,FR59),50.63916,5.7931012,,51.2211097,4.3997081
733536,,Antwerpen (BE20),Antwerpen (BE20),07/03/2024 à 09:00,12/03/2024 à 15:00,ARVAL BELGIUM B2C,MinibusThermique,5 km00h15,6+,~ 21€ PRESTATION,Accéder,FR44),51.2211097,4.3997081,,51.2211097,4.3997081
733528,,Drogenbos (BE16),Antwerpen (BE20),07/03/2024 à 09:00,12/03/2024 à 15:00,ARVAL BELGIUM B2C,MinibusThermique,55 km01h00,6+,~ 33€ PRESTATION,Accéder,FR01),50.786532,4.3173542,,51.2211097,4.3997081
733520,,Genk (BE36),Antwerpen (BE20),07/03/2024 à 09:00,12/03/2024 à 15:00,ARVAL BELGIUM B2C,SuvThermique,94 km01h15,03-mai,~ 40€ PRESTATION,Accéder,FR25),50.9654864,5.5001456,,51.2211097,4.3997081
733512,,Dilsen-stokkem (BE36),Antwerpen (BE20),07/03/2024 à 09:00,12/03/2024 à 15:00,ARVAL BELGIUM B2C,SuvThermique,106 km01h30,0-2,~ 41€ PRESTATION,Accéder,FR57),51.0284779,5.7311405,,51.2211097,4.3997081
733498,,Sint-niklaas (BE91),Antwerpen (BE20),07/03/2024 à 09:00,12/03/2024 à 15:00,ARVAL BELGIUM B2C,12m3Thermique,23 km00h30,03-mai,~ 25€ PRESTATION,Accéder,FR67),51.1646685,4.1395124,,51.2211097,4.3997081
733491,,Dendermonde (BE92),Antwerpen (BE20),07/03/2024 à 09:00,13/03/2024 à 15:00,ARVAL BELGIUM B2C,SuvThermique,45 km00h45,03-mai,~ 31€ PRESTATION,Accéder,FR49),51.0312293,4.098112,,51.2211097,4.3997081
733438,,Zaventem (BE19),Seneffe (BE71),18/03/2024 à 10:00,18/03/2024 à 15:00 Rdv 13:00-15:00,ARVAL BELGIUM B2C,SuvThermique,55 km00h45,03-mai,~ 43€ PRESTATION,Accéder,FR44),50.8806207,4.4730008,,50.5292555,4.2566988
733397,,Zaventem (BE19),Libin (BE68),07/03/2024 à 11:00,12/03/2024 à 16:00 Rdv 14:00-16:00,ARVAL BELGIUM B2C,CitadineThermique,129 km01h30,03-mai,~ 53€ PRESTATION,Accéder,FR59),50.8806207,4.4730008,,49.9809464,5.2569017
733363,,Zaventem (BE19),Visé (BE46),07/03/2024 à 10:30,12/03/2024 à 15:00,ARVAL BELGIUM B2C,CitadineThermique,102 km01h15,0-2,~ 51€ PRESTATION,Accéder,FR94),50.8806207,4.4730008,,50.7347797,5.6936397
733266,,Franois (FR25),Brive-la-gaillarde (FR19),11/03/2024 à 15:00 Rdv 15:00-17:00,12/03/2024 à 16:00 Rdv 14:00-16:00,GROUPE HESS,MonospaceHybride,528 km05h30,,267€ TOTAL,Accéder,FR44),47.2342087,5.9243606,,45.1584982,1.5332389
732005,,Salviac (FR46),Bassens (FR33),29/03/2024 à 09:00,29/03/2024 à 14:00,RRG CENTRE DE GESTION,SuvThermique,193 km02h45,,115€ TOTAL,Accéder,FR31),44.6806047,1.2611389,,44.9015003,-0.5163222
731544,,Montmélian (FR73),Vénissieux (FR69),27/03/2024 à 09:00,27/03/2024 à 11:30,RRG CENTRE DE GESTION,16m3Thermique,114 km01h15,,77€ TOTAL,Accéder,FR64),45.5009946,6.0587974,,45.6977109,4.8855966
731256,,Sauveterre de guyenne (FR33),Bassens (FR33),19/03/2024 à 09:00,19/03/2024 à 11:30,RRG CENTRE DE GESTION,BerlineThermique,57 km01h00,,57€ TOTAL,Accéder,FR31),44.6928333,-0.0862892,,44.9015003,-0.5163222
731096,,Ligne (FR44),Le cellier (FR44),22/03/2024 à 09:00,22/03/2024 à 11:30,RRG CENTRE DE GESTION,16m3Thermique,12 km00h15,,28€ TOTAL,Accéder,FR87),50.5155122,4.5476066,,47.3186735,-1.3465357
730759,,Lacanau (FR33),Bassens (FR33),19/03/2024 à 09:00,19/03/2024 à 15:30,RRG CENTRE DE GESTION,Berline100% Electrique,54 km01h00,,59€ TOTAL,Accéder,FR01),44.9776088,-1.0784851,,44.9015003,-0.5163222
729915,,Ligne (FR44),Le cellier (FR44),18/03/2024 à 09:00,18/03/2024 à 11:30,RRG CENTRE DE GESTION,BerlineThermique,12 km00h15,,27€ TOTAL,Accéder,FR31),50.5155122,4.5476066,,47.3186735,-1.3465357
728829,,Sauveterre de guyenne (FR33),Bassens (FR33),13/03/2024 à 09:00,13/03/2024 à 11:30,RRG CENTRE DE GESTION,MinibusThermique,57 km01h00,,64€ TOTAL,Accéder,FR33),44.6928333,-0.0862892,,44.9015003,-0.5163222
726015,,Prisse (FR71),Vénissieux (FR69),14/03/2024 à 09:00,14/03/2024 à 11:30,RRG CENTRE DE GESTION,BerlineThermique,88 km01h15,,68€ TOTAL,Accéder,FR13),46.3212198,4.7448989,,45.6977109,4.8855966
