IDtrajet;Tags;Ville de Départ;Ville d'arrivée;A partir du;Jusqu'au;Client;Véhicule;Distance / Durée;Devis;Prix;Actions;Départ_Pays;Départ_Latitude;Départ_Longitude;Arrivé_Pays;Arrivé_Latitude;Arrivé_Longitude
;;Etting (FR57);Forbach (FR57);11/03/2024 à 09:00 Rdv 9:00-11:00;11/03/2024 à 12:00;;;;;;; FR57;49,0603;7,0018;FR57);49,1908;6,9017
;;Marly (FR59);Avrigny (FR60);11/03/2024 à 10:00 Rdv 10:00-12:00;11/03/2024 à 15:00;;;;;;; FR59;50,4684;3,0993;FR60);49,4123;2,3842
;;Vayrac (FR46);Castelnau-d\'estrétefonds (FR31);11/03/2024 à 09:00 Rdv 9:00-11:00;11/03/2024 à 16:00;;;;;;; FR46;44,9444;1,7783;FR31);43,7821;1,3641
;;Bassens (FR33);Mérignac (FR33);13/03/2024 à 08:30;13/03/2024 à 12:00 Rdv 10:00-12:00;;;;;;; FR33;44,8909;-0,5195;FR33);44,8378;-0,6433
;;Mérignac (FR33);Ambarès-et-lagrave (FR33);13/03/2024 à 10:00 Rdv 10:00-12:00;13/03/2024 à 16:00;;;;;;; FR33;44,8386;-0,6432;FR33);44,9131;-0,5487
;;Mérignac (FR33);Ambarès-et-lagrave (FR33);13/03/2024 à 10:00 Rdv 10:00-12:00;13/03/2024 à 16:00;;;;;;; FR33;44,8386;-0,6432;FR33);44,9131;-0,5487
;;Sauveterre de guyenne (FR33);Bassens (FR33);13/03/2024 à 09:00;13/03/2024 à 11:30;;;;;;; FR33;44,6339;-0,1893;FR33);44,8873;-0,5516
;;Herve (BE46);Antwerpen (BE20);04/03/2024 à 09:00;08/03/2024 à 15:00;;;;;;; BE46;50,6389;5,7979;BE20);51,2195;4,4024
;;Marckolsheim (FR67);Jarville-la-malgrange (FR54);12/03/2024 à 08:30;12/03/2024 à 13:00 Rdv 11:00-13:00;;;;;;; FR67;48,1662;7,5299;FR54);48,6472;6,1838
;;Jarville-la-malgrange (FR54);Molsheim (FR67);12/03/2024 à 11:00 Rdv 11:00-13:00;12/03/2024 à 16:00;;;;;;; FR54;48,6641;6,1762;FR67);48,5414;7,5014
;;Ligne (FR44);Le cellier (FR44);18/03/2024 à 09:00;18/03/2024 à 11:30;;;;;;; FR44;47,2942;-1,3402;FR44);47,2767;-1,3236
;;Julienas (FR69);Ambérieu-en-bugey (FR01);12/03/2024 à 09:00 Rdv 9:00-11:00;12/03/2024 à 13:00;;;;;;; FR69;46,2019;4,6612;FR01);45,9601;5,3263
;;La chapelle-des-fougeretz (FR35);Les andelys (FR27);18/03/2024 à 09:00;18/03/2024 à 13:30;;;;;;; FR35;48,1764;-1,6279;FR27);49,245;1,4097
;;Les andelys (FR27);Saint-aignan-de-grand-lieu (FR44);18/03/2024 à 14:00;18/03/2024 à 16:00;;;;;;; FR27;49,2444;1,4132;FR44);47,1;-1,65
;;Lacanau (FR33);Bassens (FR33);19/03/2024 à 09:00;19/03/2024 à 15:30;;;;;;; FR33;45,0039;-1,0937;FR33);44,8873;-0,5516
;;Lacanau (FR33);Bassens (FR33);19/03/2024 à 09:00;19/03/2024 à 15:30;;;;;;; FR33;45,0039;-1,0937;FR33);44,8873;-0,5516
;;Ligne (FR44);Le cellier (FR44);22/03/2024 à 09:00;22/03/2024 à 11:30;;;;;;; FR44;47,2942;-1,3402;FR44);47,2767;-1,3236
;;Entzheim (FR67);Thiaucourt-regniéville (FR54);21/03/2024 à 09:36;21/03/2024 à 14:00 Rdv 12:00-14:00;;;;;;; FR67;48,5399;7,6347;FR54);48,9844;5,9042
;;Sauveterre de guyenne (FR33);Bassens (FR33);19/03/2024 à 09:00;19/03/2024 à 11:30;;;;;;; FR33;44,6339;-0,1893;FR33);44,8873;-0,5516
;;Diest (BE32);Ieper (BE89);12/03/2024 à 09:00;12/03/2024 à 14:00;;;;;;; BE32;50,9805;5,1889;BE89);50,8503;2,8833
;;Diest (BE32);Ieper (BE89);12/03/2024 à 09:00;12/03/2024 à 14:00;;;;;;; BE32;50,9805;5,1889;BE89);50,8503;2,8833
;;Marckolsheim (FR67);Nancy (FR54);14/03/2024 à 08:30;14/03/2024 à 13:00 Rdv 11:00-13:00;;;;;;; FR67;48,1662;7,5299;FR54);48,6921;6,1844
;;Marckolsheim (FR67);Nancy (FR54);14/03/2024 à 08:30;14/03/2024 à 13:00 Rdv 11:00-13:00;;;;;;; FR67;48,1662;7,5299;FR54);48,6921;6,1844
;;Marckolsheim (FR67);Nancy (FR54);14/03/2024 à 08:30;14/03/2024 à 13:00 Rdv 11:00-13:00;;;;;;; FR67;48,1662;7,5299;FR54);48,6921;6,1844
;;Marckolsheim (FR67);Nancy (FR54);14/03/2024 à 08:30;14/03/2024 à 13:00 Rdv 11:00-13:00;;;;;;; FR67;48,1662;7,5299;FR54);48,6921;6,1844
;;Marckolsheim (FR67);Nancy (FR54);14/03/2024 à 09:00;14/03/2024 à 13:00 Rdv 11:00-13:00;;;;;;; FR67;48,1662;7,5299;FR54);48,6921;6,1844
;;Marckolsheim (FR67);Nancy (FR54);14/03/2024 à 08:30;14/03/2024 à 13:00 Rdv 11:00-13:00;;;;;;; FR67;48,1662;7,5299;FR54);48,6921;6,1844
;;Zulte (BE98);Mechelen (BE28);12/03/2024 à 08:00;12/03/2024 à 16:00;;;;;;; BE98;50,9359;3,4553;BE28);51,0259;4,4776
;;Forbach (FR57);Raucourt-et-flaba (FR08);14/03/2024 à 08:30;14/03/2024 à 14:00 Rdv 12:00-14:00;;;;;;; FR57;49,1897;6,9004;FR08);49,5278;4,9656
;;Corbas (FR69);Pommiers (FR69);11/03/2024 à 08:30;11/03/2024 à 13:00 Rdv 11:00-13:00;;;;;;; FR69;45,6456;4,8498;FR69);45,9167;4,6667
;;Hasselt (BE35);Charleroi (BE60);25/03/2024 à 08:30;25/03/2024 à 10:30;;;;;;; BE35;50,9308;5,3415;BE60);50,4167;4,4333
;;Avrigny (FR60);Le havre (FR76);22/03/2024 à 09:00;22/03/2024 à 12:30;;;;;;; FR60;49,4353;2,2098;FR76);49,4939;0,1077
;;Le havre (FR76);Avrigny (FR60);22/03/2024 à 12:30;22/03/2024 à 16:00;;;;;;; FR76;49,4939;0,1077;FR60);49,4123;2,3842
;;Dommartemont (FR54);Forbach (FR57);01/04/2024 à 09:00 Rdv 9:00-11:00;01/04/2024 à 16:00;;;;;;; FR54;48,6508;6,2095;FR57);49,1908;6,9017
;;Biars-sur-cère (FR46);Castelnau-d\'estrétefonds (FR31);11/03/2024 à 09:00 Rdv 9:00-11:00;11/03/2024 à 16:00;;;;;;; FR46;44,9475;1,8939;FR31);43,7821;1,3641
;;Geispolsheim (FR67);Altorf (FR67);12/03/2024 à 09:30;12/03/2024 à 11:00;;;;;;; FR67;48,5207;7,6661;FR67);48,5397;7,5388
;;Watermael-boitsfort (BE11);Sint-niklaas (BE91);08/03/2024 à 09:30;13/03/2024 à 15:30;;;;;;; BE11;50,7981;4,4063;BE91);51,1552;4,1432
;;Meyreuil (FR13);Montpellier (FR34);11/03/2024 à 09:00;11/03/2024 à 15:00 Rdv 13:00-15:00;;;;;;; FR13;43,5012;5,5191;FR34);43,6109;3,8772
;;Charleroi (BE60);Antwerpen (BE20);08/03/2024 à 09:00;13/03/2024 à 15:15;;;;;;; BE60;50,412;4,4431;BE20);51,2195;4,4024
;;Avrigny (FR60);Mont-saint-aignan (FR76);20/03/2024 à 09:00;20/03/2024 à 11:30;;;;;;; FR60;49,4353;2,2098;FR76);49,4569;1,0598
;;Mont-saint-aignan (FR76);Avrigny (FR60);20/03/2024 à 11:30;20/03/2024 à 16:00;;;;;;; FR76;49,4692;1,0878;FR60);49,4123;2,3842
;;Sailly-lez-cambrai (FR59);Dechy (FR59);11/03/2024 à 14:00;11/03/2024 à 15:30;;;;;;; FR59;50,2254;3,2385;FR59);50,3775;3,1886
;;Ambérieu-en-bugey (FR01);Châtillon-en-bazois (FR58);12/03/2024 à 08:30;12/03/2024 à 15:00 Rdv 13:00-15:00;;;;;;; FR01;45,9572;5,3652;FR58);47,1417;3,7009
;;Ambérieu-en-bugey (FR01);Châtillon-en-bazois (FR58);12/03/2024 à 10:00;12/03/2024 à 16:00 Rdv 14:00-16:00;;;;;;; FR01;45,9572;5,3652;FR58);47,1417;3,7009
;;Brussel (BE10);Antwerpen (BE20);07/03/2024 à 09:00;13/03/2024 à 15:00;;;;;;; BE10;50,8503;4,3517;BE20);51,2195;4,4024
;;Mechelen (BE28);Baillonville (BE53);14/03/2024 à 13:00;14/03/2024 à 17:00 Rdv 15:30-17:00;;;;;;; BE28;51,0259;4,4775;BE53);50,3833;5,3
;;Mechelen (BE28);Sint-niklaas (BE91);07/03/2024 à 09:00;13/03/2024 à 15:00;;;;;;; BE28;51,0259;4,4775;BE91);51,1552;4,1432
;;Zaventem (BE19);Sint-niklaas (BE91);07/03/2024 à 09:00;13/03/2024 à 15:00;;;;;;; BE19;50,884;4,4722;BE91);51,1552;4,1432
;;Enghien (BE78);Sint-niklaas (BE91);07/03/2024 à 09:00;13/03/2024 à 15:00;;;;;;; BE78;50,7128;4,0378;BE91);51,1552;4,1432
;;Kapellen (BE29);Antwerpen (BE20);07/03/2024 à 09:00;13/03/2024 à 15:00;;;;;;; BE29;51,3143;4,4335;BE20);51,2195;4,4024
;;Namur (BE51);Antwerpen (BE20);07/03/2024 à 09:00;13/03/2024 à 15:00;;;;;;; BE51;50,4674;4,8714;BE20);51,2195;4,4024
;;Hasselt (BE35);Antwerpen (BE20);07/03/2024 à 09:00;13/03/2024 à 15:00;;;;;;; BE35;50,9308;5,3415;BE20);51,2195;4,4024
;;Kapellen (BE29);Antwerpen (BE20);07/03/2024 à 09:00;13/03/2024 à 15:00;;;;;;; BE29;51,3143;4,4335;BE20);51,2195;4,4024
;;Lokeren (BE91);Antwerpen (BE20);07/03/2024 à 09:00;13/03/2024 à 15:00;;;;;;; BE91;51,1015;3,9913;BE20);51,2195;4,4024
;;Genk (BE36);Antwerpen (BE20);07/03/2024 à 09:00;13/03/2024 à 15:00;;;;;;; BE36;50,965;5,5008;BE20);51,2195;4,4024
;;Lantefontaine (FR54);Forbach (FR57);18/03/2024 à 09:00 Rdv 9:00-11:00;18/03/2024 à 14:00;;;;;;; FR54;48,8333;6,9;FR57);49,1908;6,9017
;;Machelen (BE18);Sint-niklaas (BE91);07/03/2024 à 09:00;13/03/2024 à 15:00;;;;;;; BE18;50,9183;4,442;BE91);51,1552;4,1432
;;Machelen (BE18);Sint-niklaas (BE91);07/03/2024 à 09:00;13/03/2024 à 15:00;;;;;;; BE18;50,9183;4,442;BE91);51,1552;4,1432
;;Lantefontaine (FR54);Forbach (FR57);15/03/2024 à 09:00 Rdv 9:00-11:00;15/03/2024 à 15:00;;;;;;; FR54;48,8333;6,9;FR57);49,1908;6,9017
;;Lantefontaine (FR54);Forbach (FR57);15/03/2024 à 09:00 Rdv 9:00-11:00;15/03/2024 à 15:00;;;;;;; FR54;48,8333;6,9;FR57);49,1908;6,9017
;;Lantefontaine (FR54);Forbach (FR57);15/03/2024 à 09:00 Rdv 9:00-11:00;15/03/2024 à 15:00;;;;;;; FR54;48,8333;6,9;FR57);49,1908;6,9017
;;Marckolsheim (FR67);Nancy (FR54);13/03/2024 à 10:00;13/03/2024 à 14:00;;;;;;; FR67;48,1662;7,5299;FR54);48,6921;6,1844
;;Zaventem (BE19);Antwerpen (BE20);08/03/2024 à 09:00;13/03/2024 à 15:00;;;;;;; BE19;50,884;4,4722;BE20);51,2195;4,4024
;;Ambarès-et-lagrave (FR33);Niort (FR79);18/03/2024 à 09:00;18/03/2024 à 12:00 Rdv 10:00-12:00;;;;;;; FR33;44,8955;-0,5294;FR79);46,3231;-0,4583
;;Courzieu (FR69);Quincieux (FR69);13/03/2024 à 09:00 Rdv 9:00-11:00;13/03/2024 à 12:00;;;;;;; FR69;45,7963;4,5302;FR69);45,8806;4,7836
;;Zaventem (BE19);Libin (BE68);07/03/2024 à 11:00;12/03/2024 à 16:00 Rdv 14:00-16:00;;;;;;; BE19;50,884;4,4722;BE68);49,9794;5,2855
;;Saint-pierre-de-chandieu (FR69);Montbonnot-saint-martin (FR38);12/03/2024 à 09:00 Rdv 9:00-11:00;12/03/2024 à 16:00 Rdv 14:00-16:00;;;;;;; FR69;45,6346;5,0729;FR38);45,2282;5,7897
;;Manzac-sur-vern (FR24);Castelnau-d\'estrétefonds (FR31);14/03/2024 à 09:00 Rdv 9:00-11:00;14/03/2024 à 16:00;;;;;;; FR24;45,0815;0,6319;FR31);43,7821;1,3641
;;Aubagne (FR13);Augny (FR57);12/03/2024 à 11:00;13/03/2024 à 11:00;;;;;;; FR13;43,2924;5,5707;FR57);49,0803;6,1421
;;Aubagne (FR13);Chassieu (FR69);13/03/2024 à 09:00;13/03/2024 à 14:00;;;;;;; FR13;43,2924;5,5707;FR69);45,7375;4,9715
;;Zaventem (BE19);Seneffe (BE71);18/03/2024 à 10:00;18/03/2024 à 15:00 Rdv 13:00-15:00;;;;;;; BE19;50,884;4,4722;BE71);50,5236;4,2569
;;Goupil-othon (FR27);Avrigny (FR60);11/03/2024 à 14:00 Rdv 14:00-16:00;12/03/2024 à 10:00;;;;;;; FR27;49,2217;1,935;FR60);49,4123;2,3842
;;Dendermonde (BE92);Antwerpen (BE20);07/03/2024 à 09:00;13/03/2024 à 15:00;;;;;;; BE92;51,0247;4,0976;BE20);51,2195;4,4024
;;Sint-niklaas (BE91);Antwerpen (BE20);07/03/2024 à 09:00;12/03/2024 à 15:00;;;;;;; BE91;51,1563;4,1421;BE20);51,2195;4,4024
;;Colmar (FR68);Lyon (FR69);13/03/2024 à 15:44;14/03/2024 à 10:45;;;;;;;FR68);48,0794;7,3585;FR69);45,75;4,85
;;Genk (BE36);Antwerpen (BE20);07/03/2024 à 09:00;12/03/2024 à 15:00;;;;;;;BE36);50,9667;5,5;BE20);51,2195;4,4024
;;Drogenbos (BE16);Antwerpen (BE20);07/03/2024 à 09:00;12/03/2024 à 15:00;;;;;;;BE16);50,7861;4,3071;BE20);51,2195;4,4024
;;Antwerpen (BE20);Antwerpen (BE20);07/03/2024 à 09:00;12/03/2024 à 15:00;;;;;;;BE20);51,2194;4,4025;BE20);51,2195;4,4024
;;Herve (BE46);Antwerpen (BE20);07/03/2024 à 09:00;13/03/2024 à 15:00;;;;;;;BE46);50,6287;5,7935;BE20);51,2195;4,4024
;;Hasselt (BE35);Antwerpen (BE20);07/03/2024 à 09:00;13/03/2024 à 15:00;;;;;;;BE35);50,9311;5,3378;BE20);51,2195;4,4024
;;Antwerpen (BE20);Antwerpen (BE20);07/03/2024 à 09:00;12/03/2024 à 15:00;;;;;;;BE20);51,2194;4,4025;BE20);51,2195;4,4024
;;Saint-priest (FR69);Lissieu (FR69);27/03/2024 à 09:25;27/03/2024 à 12:00 Rdv 10:00-12:00;;;;;;;FR69);45,6992;4,9359;FR69);45,8697;4,7658
;;Seynod (FR74);Ambérieu-en-bugey (FR01);11/03/2024 à 09:00;11/03/2024 à 16:00;;;;;;;FR74);45,8936;6,1047;FR01);45,9601;5,3263
;;Voiron (FR38);Ambérieu-en-bugey (FR01);11/03/2024 à 09:00;11/03/2024 à 16:00;;;;;;;FR38);45,3667;5,6;FR01);45,9601;5,3263
;;Villars-les-dombe (FR01);Ambérieu-en-bugey (FR01);11/03/2024 à 09:00;11/03/2024 à 16:00;;;;;;;FR01);45,9167;5,0167;FR01);45,9601;5,3263
;;Brezins (FR38);Ambérieu-en-bugey (FR01);11/03/2024 à 09:00 Rdv 9:00-11:00;11/03/2024 à 13:00;;;;;;;FR38);45,4833;5,3833;FR01);45,9601;5,3263
;;Sint-niklaas (BE91);Antwerpen (BE20);07/03/2024 à 09:00;12/03/2024 à 15:00;;;;;;;BE91);51,1589;4,1474;BE20);51,2195;4,4024
;;Waremme (BE43);Antwerpen (BE20);07/03/2024 à 09:00;12/03/2024 à 15:00;;;;;;;BE43);50,6923;5,2522;BE20);51,2195;4,4024
;;Eupen (BE47);Antwerpen (BE20);07/03/2024 à 09:00;12/03/2024 à 15:00;;;;;;;BE47);50,6333;6,0333;BE20);51,2195;4,4024
;;Mandelieu-la-napoule (FR06);Vallauris (FR06);19/03/2024 à 09:00;19/03/2024 à 11:30;;;;;;;FR06);43,5503;6,9338;FR06);43,5807;7,0623
;;Genk (BE36);Antwerpen (BE20);07/03/2024 à 09:00;12/03/2024 à 15:00;;;;;;;BE36);50,9667;5,5;BE20);51,2195;4,4024
;;Asse (BE17);Antwerpen (BE20);08/03/2024 à 09:00;12/03/2024 à 15:00;;;;;;;BE17);50,9108;4,2006;BE20);51,2195;4,4024
;;Langon (FR33);Perpignan (FR66);07/03/2024 à 11:45;11/03/2024 à 10:00 Rdv 8:00-10:00;;;;;;;FR33);44,55;-0,25;FR66);42,6886;2,8948
;;La louvière (BE71);Antwerpen (BE20);08/03/2024 à 09:00;12/03/2024 à 15:00;;;;;;;BE71);50,4762;4,1872;BE20);51,2195;4,4024
;;Seraing (BE41);Antwerpen (BE20);08/03/2024 à 09:00;12/03/2024 à 15:00;;;;;;;BE41);50,5839;5,4911;BE20);51,2195;4,4024
;;Frameries (BE70);Antwerpen (BE20);08/03/2024 à 09:00;13/03/2024 à 15:00;;;;;;;BE70);50,4079;3,8899;BE20);51,2195;4,4024
;aller;Charenton-le-pont (FR94);Ruy-montceau (FR38);20/03/2024 à 10:00 Rdv 10:00-11:00;20/03/2024 à 18:00 Rdv 17:00-18:00;;;;;;;FR94);48,8228;2,415;FR38);45,5485;5,3172
;retour;Ruy-montceau (FR38);Ambérieu-en-bugey (FR01);20/03/2024 à 17:00 Rdv 17:00-18:00;21/03/2024 à 09:00 Rdv 8:00-9:00;;;;;;;FR38);45,7833;5,1833;FR01);45,9601;5,3263
;;Diest (BE32);Antwerpen (BE20);08/03/2024 à 09:00;14/03/2024 à 15:00;;;;;;;BE32);50,9863;5,0509;BE20);51,2195;4,4024
;;Fressines (FR79);Ambarès-et-lagrave (FR33);12/03/2024 à 09:00 Rdv 9:00-11:00;12/03/2024 à 16:00;;;;;;;FR79);46,2993;-0,1494;FR33);44,8908;-0,5213
;;Illkirch-graffenstaden (FR67);Erstein (FR67);13/03/2024 à 09:30;13/03/2024 à 11:30;;;;;;;FR67);48,5287;7,7152;FR67);48,4244;7,6712
;;Ambérieu-en-bugey (FR01);La seyne-sur-mer (FR83);13/03/2024 à 09:00;13/03/2024 à 16:00 Rdv 14:00-16:00;;;;;;;FR01);45,9608;5,3437;FR83);43,0972;5,8792
;;La seyne-sur-mer (FR83);Castelnau-destrétefonds (FR31);13/03/2024 à 14:49;14/03/2024 à 12:00;;;;;;;FR83);43,1036;5,8778;FR31);43,7821;1,3641
;aller;Zonhoven (BE35);Wevelgem (BE85);11/03/2024 à 08:30;11/03/2024 à 15:00;;;;;;;BE35);50,9833;5,3667;BE85);50,8132;3,2046
;retour;Wevelgem (BE85);Gent (BE90);11/03/2024 à 15:00;11/03/2024 à 17:15;;;;;;;BE85);50,8131;3,2063;BE90);51,0543;3,7174
;;Carcassonne (FR11);Aynac (FR46);12/03/2024 à 09:00;12/03/2024 à 17:00;;;;;;;FR11);43,213;2,3491;FR46);44,8904;1,8339
;;Avrigny (FR60);Mantes la jolie (FR78);12/03/2024 à 09:00;12/03/2024 à 12:00 Rdv 10:00-12:00;;;;;;;FR60);49,3667;2,05;FR78);48,9849;1,7146
;;Mantes la jolie (FR78);Chilly mazarin (FR91);12/03/2024 à 10:00;12/03/2024 à 15:00;;;;;;;FR78);48,9833;1,7167;FR91);48,7027;2,3094
;;Epinal (FR88);Forbach (FR57);21/03/2024 à 15:00 Rdv 15:00-17:00;22/03/2024 à 10:00;;;;;;;FR88);48,1727;6,4367;FR57);49,1908;6,9017
;;Epinal (FR88);Forbach (FR57);21/03/2024 à 15:00 Rdv 15:00-17:00;22/03/2024 à 10:00;;;;;;;FR88);48,1727;6,4367;FR57);49,1908;6,9017
;;Avrigny (FR60);Les mureaux (FR78);18/03/2024 à 09:00;18/03/2024 à 16:00 Rdv 14:00-16:00;;;;;;;FR60);49,3667;2,05;FR78);48,9826;1,9084
;;Dame-marie-les-bois (FR37);Parcay-meslay (FR37);12/03/2024 à 10:00;12/03/2024 à 15:00;;;;;;;FR37);47,0667;0,7;FR37);47,4373;0,7507
;;Avignon (FR84);La garde (FR83);11/03/2024 à 08:00;11/03/2024 à 18:00;;;;;;;FR84);43,9492;4,8053;FR83);43,1291;6,0138
;;Saint-ail (FR54);Entzheim (FR67);19/03/2024 à 08:15;19/03/2024 à 13:00 Rdv 11:00-13:00;;;;;;;FR54);48,65;6,05;FR67);48,5434;7,6389
;;Entzheim (FR67);Saint-ail (FR54);19/03/2024 à 11:00 Rdv 11:00-13:00;19/03/2024 à 16:15;;;;;;;FR67);48,5349;7,6392;FR54);48,6303;6,005
;;Saint-ail (FR54);Cattenom (FR57);19/03/2024 à 08:15;19/03/2024 à 12:00 Rdv 10:00-12:00;;;;;;;FR54);48,65;6,05;FR57);49,4189;6,2435
;;Velaux (FR13);Valence (FR26);11/03/2024 à 09:00;11/03/2024 à 16:00 Rdv 14:00-16:00;;;;;;;FR13);43,5436;5,2781;FR26);44,9334;4,8923
;;Saint-ail (FR54);Houssen (FR68);15/03/2024 à 08:15;15/03/2024 à 12:15;;;;;;;FR54);48,65;6,05;FR68);48,1638;7,4096
;;Houssen (FR68);Saint-ail (FR54);15/03/2024 à 12:15;15/03/2024 à 16:15;;;;;;;FR68);48,2538;7,4189;FR54);48,6303;6,005
;;Sevilla (ES41);Granada (ES18);12/03/2024 à 09:00;12/03/2024 à 16:30;;;;;;;ES41);37,3886;-5,9823;ES18);37,1773;-3,5986
;;Sevilla (ES41);Granada (ES18);12/03/2024 à 09:00;12/03/2024 à 16:30;;;;;;;ES41);37,3886;-5,9823;ES18);37,1773;-3,5986
;;Loos en gohelle (FR62);Oignies (FR62);14/03/2024 à 09:00;14/03/2024 à 10:30;;;;;;;FR62);50,4167;2,75;FR62);50,4539;2,9897
;;Loos en gohelle (FR62);Oignies (FR62);14/03/2024 à 09:00;14/03/2024 à 10:30;;;;;;;FR62);50,4167;2,75;FR62);50,4539;2,9897
;;Wavrin (FR59);Quarouble (FR59);15/03/2024 à 08:06;15/03/2024 à 11:00 Rdv 9:00-11:00;;;;;;;FR59);50,5373;2,9632;FR59);50,3728;3,5047
;;Quarouble (FR59);Wavrin (FR59);15/03/2024 à 09:00 Rdv 9:00-11:00;15/03/2024 à 15:00;;;;;;;FR59);50,3685;3,4844;FR59);50,5636;2,9611
;;Loos en gohelle (FR62);Oignies (FR62);14/03/2024 à 09:00;14/03/2024 à 10:30;;;;;;;FR62);50,4167;2,75;FR62);50,4539;2,9897
;;Saint-ail (FR54);Strasbourg (FR67);25/03/2024 à 08:15;25/03/2024 à 12:00;;;;;;;FR54);48,65;6,05;FR67);48,5734;7,7521
;;Strasbourg (FR67);Saint-ail (FR54);25/03/2024 à 12:00;25/03/2024 à 16:15;;;;;;;FR67);48,5734;7,7521;FR54);48,6303;6,005
;;Montoir-de-bretagne (FR44);Rezé (FR44);22/03/2024 à 08:00;22/03/2024 à 12:00;;;;;;;FR44);47,3167;-2,15;FR44);47,1833;-1,55
;;Kortrijk (BE85);Gent (BE90);08/04/2024 à 08:45 Rdv 8:45-9:45;08/04/2024 à 11:30;;;;;;;BE85);50,8284;3,2656;BE90);51,0543;3,7174
;;Virey le grand (FR71);Quincieux (FR69);12/03/2024 à 09:00 Rdv 9:00-11:00;12/03/2024 à 13:00;;;;;;;FR71);46,8667;5,35;FR69);45,8806;4,7836
;;Saint-ail (FR54);Vendenheim (FR67);14/03/2024 à 08:15;14/03/2024 à 16:00 Rdv 14:00-16:00;;;;;;;FR54);48,65;6,05;FR67);48,6665;7,7201
;;Wavrin (FR59);Verquin (FR62);12/03/2024 à 08:30;12/03/2024 à 12:00;;;;;;;FR59);50,5373;2,9632;FR62);50,4871;2,6001
;;Wavrin (FR59);Verquin (FR62);12/03/2024 à 08:00;12/03/2024 à 12:00;;;;;;;FR59);50,5373;2,9632;FR62);50,4871;2,6001
;;Zwijndrecht (BE20);Zwijndrecht (BE20);04/04/2024 à 09:00 Rdv 9:00-10:00;04/04/2024 à 12:00 Rdv 11:00-12:00;;;;;;;BE20);51,2167;4,3333;BE20);51,2195;4,4024
;;Gent (BE90);Antwerpen (BE20);08/03/2024 à 09:00;13/03/2024 à 15:00;;;;;;;BE90);51,0543;3,7174;BE20);51,2195;4,4024
;;Anderlecht (BE10);Anderlecht (BE10);11/03/2024 à 09:30 Rdv 9:30-10:30;11/03/2024 à 12:00 Rdv 10:45-12:00;;;;;;;BE10);50,8383;4,3123;BE10);50,8387;4,3298
;;Zwijndrecht (BE20);Zwijndrecht (BE20);11/03/2024 à 09:15 Rdv 9:15-10:15;11/03/2024 à 11:30 Rdv 10:30-11:30;;;;;;;BE20);51,2167;4,3333;BE20);51,2195;4,4024
;;Zwijndrecht (BE20);Zwijndrecht (BE20);12/03/2024 à 09:00 Rdv 9:00-10:00;12/03/2024 à 11:15 Rdv 10:15-11:15;;;;;;;BE20);51,2167;4,3333;BE20);51,2206;4,3333
;;Zaventem (BE19);Antwerpen (BE20);11/03/2024 à 09:00;11/03/2024 à 15:00;;;;;;;BE19);50,8833;4,45;BE20);51,2195;4,4024
;;Kortrijk (BE85);Ans (BE44);13/03/2024 à 08:30 Rdv 8:30-11:45;13/03/2024 à 11:45;;;;;;;BE85);50,8284;3,2656;BE44);50,667;5,5143
;;Rodez (FR12);Castelnau-destrétefonds (FR31);13/03/2024 à 09:00 Rdv 9:00-11:00;13/03/2024 à 16:00;;;;;;;FR12);44,3509;2,5753;FR31);43,7821;1,3641
;aller;Valenton (FR94);Paris (FR75);12/03/2024 à 09:00;12/03/2024 à 12:00 Rdv 10:00-12:00;;;;;;;FR94);48,7573;2,4733;FR75);48,8566;2,3522
;retour;Paris (FR75);Fleury-mérogis (FR91);12/03/2024 à 10:00 Rdv 10:00-12:00;12/03/2024 à 12:00;;;;;;;FR75);48,8566;2,3522;FR91);48,6338;2,3601
;aller;Valenton (FR94);Paris (FR75);12/03/2024 à 09:00;12/03/2024 à 12:00 Rdv 10:00-12:00;;;;;;;FR94);48,7573;2,4733;FR75);48,8566;2,3522
;retour;Paris (FR75);Fleury-mérogis (FR91);12/03/2024 à 10:00 Rdv 10:00-12:00;12/03/2024 à 12:00;;;;;;;FR75);48,8566;2,3522;FR91);48,6338;2,3601
;aller;Valenton (FR94);Paris (FR75);12/03/2024 à 09:00;12/03/2024 à 12:00 Rdv 10:00-12:00;;;;;;;FR94);48,7573;2,4733;FR75);48,8566;2,3522
;retour;Paris (FR75);Fleury-mérogis (FR91);12/03/2024 à 10:00 Rdv 10:00-12:00;12/03/2024 à 12:00;;;;;;;FR75);48,8566;2,3522;FR91);48,6338;2,3601
;aller;Valenton (FR94);Paris (FR75);12/03/2024 à 09:00;12/03/2024 à 12:00 Rdv 10:00-12:00;;;;;;;FR94);48,7573;2,4733;FR75);48,8566;2,3522
;retour;Paris (FR75);Fleury-mérogis (FR91);12/03/2024 à 10:00 Rdv 10:00-12:00;12/03/2024 à 12:00;;;;;;;FR75);48,8566;2,3522;FR91);48,6338;2,3601
;aller;Villevêque (FR49);Châteauroux (FR36);12/03/2024 à 11:00;12/03/2024 à 17:00 Rdv 15:00-17:00;;;;;;;FR49);47,5205;-0,4884;FR36);46,8107;1,6916
;retour;Châteauroux (FR36);Fleury-mérogis (FR91);12/03/2024 à 15:00 Rdv 15:00-17:00;13/03/2024 à 11:00;;;;;;;FR36);46,8091;1,6911;FR91);48,6338;2,3601
;aller;Castelnau-d'estrétefonds (FR31);Bordeaux (FR33);12/03/2024 à 08:30;12/03/2024 à 13:00 Rdv 11:00-13:00;;;;;;;FR31);43,75;1,3667;FR33);44,8378;-0,5792
;retour;Bordeaux (FR33);Castelnau-d'estrétefonds (FR31);12/03/2024 à 11:00 Rdv 11:00-13:00;12/03/2024 à 16:00;;;;;;;FR33);44,8374;-0,5761;FR31);43,7821;1,3641
;aller;Miramas (FR13);Montpellier (FR34);12/03/2024 à 12:00;12/03/2024 à 16:00 Rdv 14:00-16:00;;;;;;;FR13);43,5795;5,0082;FR34);43,6108;3,8767
;retour;Montpellier (FR34);Castelnau-d'estrétefonds (FR31);12/03/2024 à 14:00 Rdv 14:00-16:00;12/03/2024 à 18:00;;;;;;;FR34);43,611;-0,8767;FR31);43,7821;1,3641
;aller;Castelnau-d'estrétefonds (FR31);Bordeaux (FR33);12/03/2024 à 08:30;12/03/2024 à 13:00 Rdv 11:00-13:00;;;;;;;FR31);43,75;1,3667;FR33);44,8378;-0,5792
;retour;Bordeaux (FR33);Castelnau-d'estrétefonds (FR31);12/03/2024 à 11:00 Rdv 11:00-13:00;12/03/2024 à 16:00;;;;;;;FR33);44,8374;-0,5761;FR31);43,7821;1,3641
;aller;Castelnau-d'estrétefonds (FR31);Bordeaux (FR33);12/03/2024 à 08:30;12/03/2024 à 13:00 Rdv 11:00-13:00;;;;;;;FR31);43,75;1,3667;FR33);44,8378;-0,5792
;retour;Bordeaux (FR33);Castelnau-d'estrétefonds (FR31);12/03/2024 à 11:00 Rdv 11:00-13:00;12/03/2024 à 16:00;;;;;;;FR33);44,8374;-0,5761;FR31);43,7821;1,3641
;aller;Castelnau-d'estrétefonds (FR31);Nice (FR06);18/03/2024 à 09:00;18/03/2024 à 16:00 Rdv 14:00-16:00;;;;;;;FR31);43,75;1,3667;FR06);43,7102;7,262
;retour;Nice (FR06);Ambérieu-en-bugey (FR01);18/03/2024 à 14:00 Rdv 14:00-16:00;19/03/2024 à 16:00;;;;;;;FR06);43,7102;7,2619;FR01);45,9601;5,3263
;aller;Castelnau-d'estrétefonds (FR31);Nice (FR06);18/03/2024 à 09:00;18/03/2024 à 16:00 Rdv 14:00-16:00;;;;;;;FR31);43,75;1,3667;FR06);43,7102;7,262
;retour;Nice (FR06);Ambérieu-en-bugey (FR01);18/03/2024 à 14:00 Rdv 14:00-16:00;19/03/2024 à 16:00;;;;;;;FR06);43,7102;7,2619;FR01);45,9601;5,3263
;aller;Wavrin (FR59);Amiens (FR80);12/03/2024 à 09:00;12/03/2024 à 12:00 Rdv 10:00-12:00;;;;;;;FR59);50,5373;2,9632;FR80);49,8942;2,2957
;retour;Amiens (FR80);Fleury-mérogis (FR91);12/03/2024 à 10:00 Rdv 10:00-12:00;12/03/2024 à 16:00;;;;;;;FR80);49,8942;2,2957;FR91);48,6338;2,3601
;aller;Miramas (FR13);Nice (FR06);18/03/2024 à 10:00;18/03/2024 à 16:00 Rdv 14:00-16:00;;;;;;;FR13);43,5795;5,0082;FR06);43,7102;7,262
;retour;Nice (FR06);Ambérieu-en-bugey (FR01);18/03/2024 à 14:00 Rdv 14:00-16:00;18/03/2024 à 19:00;;;;;;;FR06);43,7102;7,2619;FR01);45,9601;5,3263
;aller;Castelnau-d'estrétefonds (FR31);Bordeaux (FR33);12/03/2024 à 08:30;12/03/2024 à 13:00 Rdv 11:00-13:00;;;;;;;FR31);43,75;1,3667;FR33);44,8378;-0,5792
;retour;Bordeaux (FR33);Castelnau-d'estrétefonds (FR31);12/03/2024 à 11:00 Rdv 11:00-13:00;12/03/2024 à 16:00;;;;;;;FR33);44,8374;-0,5761;FR31);43,7821;1,3641
;aller;Castelnau-d'estrétefonds (FR31);Bordeaux (FR33);12/03/2024 à 08:30;12/03/2024 à 13:00 Rdv 11:00-13:00;;;;;;;FR31);43,75;1,3667;FR33);44,8378;-0,5792
;retour;Bordeaux (FR33);Castelnau-d'estrétefonds (FR31);12/03/2024 à 11:00 Rdv 11:00-13:00;12/03/2024 à 16:00;;;;;;;FR33);44,8374;-0,5761;FR31);43,7821;1,3641
;aller;Castelnau-d'estrétefonds (FR31);La rochelle (FR17);14/03/2024 à 08:00;14/03/2024 à 16:00 Rdv 14:00-16:00;;;;;;;FR31);43,75;1,3667;FR17);46,1591;-1,152
;retour;La rochelle (FR17);Castelnau-d'estrétefonds (FR31);14/03/2024 à 14:00 Rdv 14:00-16:00;14/03/2024 à 16:00;;;;;;;FR17);46,1667;-1,15;FR31);43,7821;1,3641
;;Leuven (BE30);Antwerpen (BE20);08/03/2024 à 09:00;13/03/2024 à 15:00;;;;;;;BE30);50,8792;4,7011;BE20);51,2195;4,4024
;aller;Castelnau-d'estrétefonds (FR31);Poitiers (FR86);14/03/2024 à 09:00;14/03/2024 à 16:00 Rdv 14:00-16:00;;;;;;;FR31);43,75;1,3667;FR86);46,5802;0,3403
;retour;Poitiers (FR86);Fleury-mérogis (FR91);14/03/2024 à 14:00 Rdv 14:00-16:00;15/03/2024 à 12:00;;;;;;;FR86);46,5802;0,3402;FR91);48,6338;2,3601
;;Creysse (FR24);Oloron-sainte-marie (FR64);14/03/2024 à 09:00;14/03/2024 à 15:13;;;;;;;FR24);44,8108;0,4674;FR64);43,1926;-0,6095
;aller;Miramas (FR13);Nice (FR06);18/03/2024 à 10:00;18/03/2024 à 16:00 Rdv 14:00-16:00;;;;;;;FR13);43,5795;5,0082;FR06);43,7102;7,262
;retour;Nice (FR06);Ambérieu-en-bugey (FR01);18/03/2024 à 14:00 Rdv 14:00-16:00;18/03/2024 à 19:00;;;;;;;FR06);43,7102;7,2619;FR01);45,9601;5,3263
;aller;Wavrin (FR59);Nantes (FR44);19/03/2024 à 10:00 Rdv 10:00-15:00;20/03/2024 à 11:00 Rdv 9:00-11:00;;;;;;;FR59);50,5373;2,9632;FR44);47,2184;-1,5536
;retour;Nantes (FR44);Fleury-mérogis (FR91);20/03/2024 à 09:00 Rdv 9:00-11:00;20/03/2024 à 16:00;;;;;;;FR44);47,2181;-1,5528;FR91);48,6338;2,3601
;aller;Wavrin (FR59);Nantes (FR44);19/03/2024 à 10:00 Rdv 10:00-15:00;20/03/2024 à 11:00 Rdv 9:00-11:00;;;;;;;FR59);50,5373;2,9632;FR44);47,2184;-1,5536
;retour;Nantes (FR44);Fleury-mérogis (FR91);12/03/2024 à 09:00 Rdv 9:00-11:00;12/03/2024 à 16:00;;;;;;;FR44);47,2181;-1,5528;FR91);48,6338;2,3601
;aller;Ambérieu-en-bugey (FR01);Besançon (FR25);20/03/2024 à 10:00;20/03/2024 à 16:00 Rdv 14:00-16:00;;;;;;;FR01);45,9608;5,3437;FR25);47,2378;6,0241
;retour;Besançon (FR25);Ambérieu-en-bugey (FR01);20/03/2024 à 14:00 Rdv 14:00-16:00;20/03/2024 à 18:00;;;;;;;FR25);47,2429;6,025;FR01);45,9601;5,3263
;aller;Forbach (FR57);Strasbourg (FR67);13/03/2024 à 09:00;13/03/2024 à 12:00 Rdv 10:00-12:00;;;;;;;FR57);49,2;6,9;FR67);48,5734;7,7521
;retour;Strasbourg (FR67);Ambérieu-en-bugey (FR01);13/03/2024 à 10:00 Rdv 10:00-12:00;13/03/2024 à 16:00;;;;;;;FR67);48,5734;7,7521;FR01);45,9601;5,3263
;aller;Villevêque (FR49);Nantes (FR44);20/03/2024 à 08:30;20/03/2024 à 12:00 Rdv 10:00-12:00;;;;;;;FR49);47,5205;-0,4884;FR44);47,2184;-1,5536
;retour;Nantes (FR44);Fleury-mérogis (FR91);20/03/2024 à 10:00 Rdv 10:00-12:00;20/03/2024 à 16:00;;;;;;;FR44);47,2181;-1,5528;FR91);48,6338;2,3601
;aller;Wavrin (FR59);Amiens (FR80);12/03/2024 à 08:30;12/03/2024 à 12:00 Rdv 10:00-12:00;;;;;;;FR59);50,5373;2,9632;FR80);49,8942;2,2957
;retour;Amiens (FR80);Fleury-mérogis (FR91);12/03/2024 à 10:00 Rdv 10:00-12:00;12/03/2024 à 15:00;;;;;;;FR80);49,8942;2,2957;FR91);48,6338;2,3601
;aller;Valenton (FR94);Nantes (FR44);19/03/2024 à 10:00 Rdv 10:00-15:00;20/03/2024 à 11:00 Rdv 9:00-11:00;;;;;;;FR94);48,7573;2,4733;FR44);47,2184;-1,5536
;retour;Nantes (FR44);Fleury-mérogis (FR91);20/03/2024 à 09:00 Rdv 9:00-11:00;20/03/2024 à 16:00;;;;;;;FR44);47,2181;-1,5528;FR91);48,6338;2,3601
;aller;Castelnau-d'estrétefonds (FR31);Bayonne (FR64);12/03/2024 à 10:00 Rdv 10:00-15:00;13/03/2024 à 11:00 Rdv 9:00-11:00;;;;;;;FR31);43,75;1,3667;FR64);43,492;-1,4755
;retour;Bayonne (FR64);Castelnau-d'estrétefonds (FR31);13/03/2024 à 09:00 Rdv 9:00-11:00;13/03/2024 à 16:00;;;;;;;FR64);43,4933;-1,4753;FR31);43,7821;1,3641
;aller;Castelnau-d'estrétefonds (FR31);Limoges (FR87);13/03/2024 à 10:00;13/03/2024 à 16:00 Rdv 14:00-16:00;;;;;;;FR31);43,75;1,3667;FR87);45,8336;1,2611
;retour;Limoges (FR87);Castelnau-d'estrétefonds (FR31);13/03/2024 à 14:00 Rdv 14:00-16:00;14/03/2024 à 10:00;;;;;;;FR87);45,8348;1,2611;FR31);43,7821;1,3641
;;Lagnieu (FR01);Dijon (FR21);13/03/2024 à 08:30;13/03/2024 à 16:00 Rdv 14:00-16:00;;;;;;;FR01);45,8224;5,3398;FR21);47,322;5,0415
;aller;Castelnau-d'estrétefonds (FR31);Bordeaux (FR33);19/03/2024 à 10:00;19/03/2024 à 16:00 Rdv 14:00-16:00;;;;;;;FR31);43,75;1,3667;FR33);44,8378;-0,5792
;retour;Bordeaux (FR33);Castelnau-d'estrétefonds (FR31);19/03/2024 à 14:00 Rdv 14:00-16:00;19/03/2024 à 18:00;;;;;;;FR33);44,8374;-0,5761;FR31);43,7821;1,3641
;aller;Miramas (FR13);Saint-raphaël (FR83);12/03/2024 à 10:00;12/03/2024 à 17:00 Rdv 15:00-17:00;;;;;;;FR13);43,5795;5,0082;FR83);43,4238;6,7624
;retour;Saint-raphaël (FR83);Ambérieu-en-bugey (FR01);12/03/2024 à 15:00 Rdv 15:00-17:00;13/03/2024 à 10:00;;;;;;;FR83);43,424;6,77;FR01);45,9601;5,3263
;aller;Castelnau-d'estrétefonds (FR31);Le bouscat (FR33);12/03/2024 à 11:00;12/03/2024 à 17:00 Rdv 15:00-17:00;;;;;;;FR31);43,75;1,3667;FR33);44,8565;-0,5954
;retour;Le bouscat (FR33);Castelnau-d'estrétefonds (FR31);12/03/2024 à 15:00 Rdv 15:00-17:00;13/03/2024 à 10:00;;;;;;;FR33);44,85;-0,5833;FR31);43,7821;1,3641
;aller;Forbach (FR57);Paris (FR75);12/03/2024 à 09:00;12/03/2024 à 16:00 Rdv 14:00-16:00;;;;;;;FR57);49,2;6,9;FR75);48,8566;2,3522
;retour;Paris (FR75);Fleury-mérogis (FR91);12/03/2024 à 14:00 Rdv 14:00-16:00;13/03/2024 à 11:00;;;;;;;FR75);48,8566;2,3522;FR91);48,6338;2,3601
;aller;Forbach (FR57);Mundolsheim (FR67);12/03/2024 à 12:00;12/03/2024 à 16:00 Rdv 14:00-16:00;;;;;;;FR57);49,2;6,9;FR67);48,6608;7,7079
;retour;Mundolsheim (FR67);Ambérieu-en-bugey (FR01);12/03/2024 à 14:00 Rdv 14:00-16:00;12/03/2024 à 18:00;;;;;;;FR67);48,6667;7,6667;FR01);45,9601;5,3263
;aller;Miramas (FR13);Auzeville-tolosane (FR31);13/03/2024 à 09:00;13/03/2024 à 16:00 Rdv 14:00-16:00;;;;;;;FR13);43,5795;5,0082;FR31);43,5197;1,4968
;retour;Auzeville-tolosane (FR31);Castelnau-d'estrétefonds (FR31);13/03/2024 à 14:00 Rdv 14:00-16:00;14/03/2024 à 11:00;;;;;;;FR31);43,5;1,5167;FR31);43,7821;1,3641
;aller;Avrigny (FR60);Paris (FR75);12/03/2024 à 09:00;12/03/2024 à 12:00 Rdv 10:00-12:00;;;;;;;FR60);49,3667;2,05;FR75);48,8566;2,3522
;retour;Paris (FR75);Fleury-mérogis (FR91);12/03/2024 à 10:00 Rdv 10:00-12:00;12/03/2024 à 16:00;;;;;;;FR75);48,8566;2,3522;FR91);48,6386;2,3486
;aller;Avrigny (FR60);Paris (FR75);12/03/2024 à 10:00;12/03/2024 à 17:00 Rdv 15:00-17:00;;;;;;;FR60);49,3667;2,05;FR75);48,8566;2,3522
;aller;Miramas (FR13);Aix-en-provence (FR13);12/03/2024 à 08:30;12/03/2024 à 12:00 Rdv 10:00-12:00;;;;;;;FR13);43,5795;5,0082;FR13);43,5299;5,4474
;retour;Aix-en-provence (FR13);Ambérieu-en-bugey (FR01);12/03/2024 à 10:00 Rdv 10:00-12:00;12/03/2024 à 16:00;;;;;;;FR13);43,5291;5,4474;FR01);45,9601;5,3263
;aller;Villevêque (FR49);Nantes (FR44);20/03/2024 à 08:30;20/03/2024 à 12:00 Rdv 10:00-12:00;;;;;;;FR49);47,5205;-0,4884;FR44);47,2184;-1,5536
;retour;Nantes (FR44);Fleury-mérogis (FR91);20/03/2024 à 10:00 Rdv 10:00-12:00;20/03/2024 à 16:00;;;;;;;FR44);47,2181;-1,5528;FR91);48,6386;2,3486
;aller;Ambérieu-en-bugey (FR01);Besançon (FR25);21/03/2024 à 08:30;21/03/2024 à 12:00 Rdv 10:00-12:00;;;;;;;FR01);45,9608;5,3437;FR25);47,2378;6,0241
;retour;Besançon (FR25);Ambérieu-en-bugey (FR01);21/03/2024 à 10:00 Rdv 10:00-12:00;21/03/2024 à 16:00;;;;;;;FR25);47,2429;6,025;FR01);45,9601;5,3263
;aller;Villevêque (FR49);Paris (FR75);18/03/2024 à 10:00;18/03/2024 à 16:00 Rdv 14:00-16:00;;;;;;;FR49);47,5205;-0,4884;FR75);48,8566;2,3522
;retour;Paris (FR75);Fleury-mérogis (FR91);18/03/2024 à 14:00 Rdv 14:00-16:00;19/03/2024 à 10:00;;;;;;;FR75);48,8566;2,3522;FR91);48,6386;2,3486
;retour;Paris (FR75);Fleury-mérogis (FR91);18/03/2024 à 14:00 Rdv 14:00-16:00;19/03/2024 à 10:00;;;;;;;FR75);48,8566;2,3522;FR91);48,6386;2,3486
;aller;Valenton (FR94);Orléans (FR45);12/03/2024 à 08:30;12/03/2024 à 12:00 Rdv 10:00-12:00;;;;;;;FR94);48,7573;2,4733;FR45);47,9029;1,9039
;retour;Orléans (FR45);Fleury-mérogis (FR91);12/03/2024 à 10:00 Rdv 10:00-12:00;12/03/2024 à 16:00;;;;;;;FR45);47,9029;1,9095;FR91);48,6386;2,3486
;;Mechelen (BE28);Sint-niklaas (BE91);11/03/2024 à 08:00;11/03/2024 à 16:00;;;;;;;BE28);51,0259;4,4776;BE91);51,161;4,1437
;;Mechelen (BE28);Sint-niklaas (BE91);11/03/2024 à 08:00;11/03/2024 à 16:00;;;;;;;BE28);51,0259;4,4776;BE91);51,161;4,1437
;;Mérignac (FR33);La feuillade (FR24);13/03/2024 à 09:30 Rdv 9:30-11:30;14/03/2024 à 17:00;;;;;;;FR33);44,83;-0,7167;FR24);45,4172;0,6022
;;Antibes (FR06);Manosque (FR04);11/03/2024 à 08:30;11/03/2024 à 17:30 Rdv 11:00-17:30;;;;;;;FR06);43,5804;7,1251;FR04);43,8285;5,7804
;;La norville (FR91);Bordeaux (FR33);19/03/2024 à 09:00;19/03/2024 à 16:00 Rdv 14:00-16:00;;;;;;;FR91);48,5797;2,249;FR33);44,8378;-0,5792
;;Bordeaux (FR33);Ambarès-et-lagrave (FR33);19/03/2024 à 14:00 Rdv 14:00-16:00;20/03/2024 à 16:00;;;;;;;FR33);44,8374;-0,5761;FR33);44,8966;-0,5154
;;Wilrijk (BE26);Brecht (BE29);09/03/2024 à 09:30;09/03/2024 à 12:15 Rdv 10:15-12:15;;;;;;;BE26);51,1667;4,4;BE29);51,3647;4,6401
;;Bruguieres (FR31);Toulouse (FR31);12/03/2024 à 10:00;12/03/2024 à 12:00 Rdv 10:00-12:00;;;;;;;FR31);43,75;1,3667;FR31);43,6045;1,4442
;;Bruguieres (FR31);Toulouse (FR31);12/03/2024 à 10:00;12/03/2024 à 12:00 Rdv 10:00-12:00;;;;;;;FR31);43,75;1,3667;FR31);43,6045;1,4442
;;Bierges (BE13);Kortrijk (BE85);13/03/2024 à 09:30 Rdv 9:30-10:30;13/03/2024 à 11:45;;;;;;;BE13);50,7804;4,5899;BE85);50,8272;3,2649
;;Ambérieu-en-bugey (FR01);Villeurbanne (FR69);28/03/2024 à 09:00;28/03/2024 à 11:00;;;;;;;FR01);45,9608;5,3437;FR69);45,771;4,8906
;;Villeurbanne (FR69);Ambérieu-en-bugey (FR01);28/03/2024 à 11:00;28/03/2024 à 15:00;;;;;;;FR69);45,7671;4,8907;FR01);45,9601;5,3263
;;Schaerbeek (BE10);Machelen (BE18);11/03/2024 à 08:00;11/03/2024 à 12:00;;;;;;;BE10);50,8671;4,3764;BE18);50,9127;4,441
;;Schaerbeek (BE10);Machelen (BE18);11/03/2024 à 08:00;11/03/2024 à 12:00;;;;;;;BE10);50,8671;4,3764;BE18);50,9127;4,441
;;Colombelles (FR14);Guyancourt (FR78);22/03/2024 à 14:00;22/03/2024 à 17:45 Rdv 16:30-17:45;;;;;;;FR14);49,2088;-0,305;FR78);48,7729;2,0692
;;Lescar (FR64);Villenave-d\'ornon (FR33);12/03/2024 à 09:00;12/03/2024 à 16:00 Rdv 14:00-16:00;;;;;;;FR64);43,3;-0,4167;FR33);44,7725;-0,5715
;aller;Saint-quentin (FR02);Attin (FR62);19/03/2024 à 09:00;19/03/2024 à 12:00;;;;;;;FR02);49,8486;3,2868;FR62);50,4649;1,7855
;retour;Attin (FR62);Saint-quentin (FR02);19/03/2024 à 14:15;19/03/2024 à 16:15 Rdv 14:15-16:15;;;;;;;FR62);50,4653;1,8072;FR02);49,8486;3,2865
;aller;Nîmes (FR30);Agen (FR47);13/03/2024 à 09:00;13/03/2024 à 16:00 Rdv 14:00-16:00;;;;;;;FR30);43,8367;4,3601;FR47);44,2031;0,6169
;;Creuzier le vieux (FR03);Ambérieu-en-bugey (FR01);12/03/2024 à 10:00 Rdv 10:00-12:00;12/03/2024 à 14:32;;;;;;;FR03);46,1345;3,4396;FR01);45,9601;5,3263
;retour;Agen (FR47);Nîmes (FR30);13/03/2024 à 14:00 Rdv 14:00-16:00;14/03/2024 à 09:00;;;;;;;FR47);44,2034;0,6175;FR30);43,8367;4,3601
;;Hasselt (BE35);Antwerpen (BE20);08/03/2024 à 09:00;13/03/2024 à 15:00;;;;;;;BE35);50,9311;5,3378;BE20);51,2195;4,4024
;;Schaerbeek (BE10);Machelen (BE18);15/03/2024 à 08:00;15/03/2024 à 10:00;;;;;;;BE10);50,8671;4,3764;BE18);50,9127;4,441
;aller;Poitiers (FR86);Saint-cyr-sur-loire (FR37);22/03/2024 à 08:30 Rdv 8:30-9:30;22/03/2024 à 15:00 Rdv 14:00-15:00;;;;;;;FR86);46,5802;0,3402;FR37);47,4162;0,6677
;retour;Saint-cyr-sur-loire (FR37);Poitiers (FR86);22/03/2024 à 14:00 Rdv 14:00-15:00;22/03/2024 à 17:00;;;;;;;FR37);47,4135;0,6707;FR86);46,5802;0,3404
;;Hasselt (BE35);Antwerpen (BE20);08/03/2024 à 09:00;13/03/2024 à 15:00;;;;;;;BE35);50,9311;5,3378;BE20);51,2195;4,4024
;;Champagne-au-mont-d'or (FR69);Loyettes (FR01);13/03/2024 à 11:30;13/03/2024 à 16:00 Rdv 14:00-16:00;;;;;;;FR69);45,8155;4,8091;FR01);45,8083;5,1251
;;Champagne-au-mont-d'or (FR69);Loyettes (FR01);13/03/2024 à 11:30;13/03/2024 à 15:00 Rdv 14:00-15:00;;;;;;;FR69);45,8155;4,8091;FR01);45,8083;5,1251
;;Kuurne (BE85);Genk (BE36);12/03/2024 à 12:30 Rdv 12:30-14:30;12/03/2024 à 16:30;;;;;;;BE85);50,85;3,2833;BE36);50,9651;5,5022
;;La norville (FR91);Mouazé (FR35);11/03/2024 à 10:00;11/03/2024 à 16:00 Rdv 14:00-16:00;;;;;;;FR91);48,5614;2,2419;FR35;48,1058;-1,4453
;;Mouazé (FR35);Le cellier (FR44);11/03/2024 à 14:00 Rdv 14:00-16:00;12/03/2024 à 10:00;;;;;;;FR35);48,2033;-1,4422;FR44;47,291668;-1,370056
;;Leuven (BE30);Antwerpen (BE20);08/03/2024 à 09:00;13/03/2024 à 15:00;;;;;;;BE30);50,8796;4,7009;BE20;51,22111;4,399708
;;Diest (BE32);Antwerpen (BE20);08/03/2024 à 09:00;13/03/2024 à 15:00;;;;;;;BE32);50,9863;5,0509;BE20;51,22111;4,399708
;;Asse (BE17);Antwerpen (BE20);08/03/2024 à 09:00;13/03/2024 à 15:00;;;;;;;BE17);50,9108;4,2006;BE20;51,22111;4,399708
;;Asse (BE17);Antwerpen (BE20);08/03/2024 à 09:00;13/03/2024 à 15:00;;;;;;;BE17);50,9108;4,2006;BE20;51,22111;4,399708
;españa;Burgos (ES09);Valladolid (ES47);08/03/2024 à 09:00;11/03/2024 à 16:00;;;;;;;ES09);42,3434;-3,696;ES47;41,652834;-4,728255
;;Bassens (FR33);Libourne (FR33);18/03/2024 à 08:30;18/03/2024 à 12:00 Rdv 10:00-12:00;;;;;;;FR33);44,8873;-0,5516;FR33;44,918449;-0,244499
;;Libourne (FR33);Ambarès-et-lagrave (FR33);18/03/2024 à 10:00 Rdv 10:00-12:00;18/03/2024 à 16:00;;;;;;;FR33);44,9167;-0,2333;FR33;44,8958;-0,5481
;;Les mureaux (FR78);Chilly-mazarin (FR91);18/03/2024 à 14:00 Rdv 14:00-16:00;18/03/2024 à 17:00;;;;;;;FR78);48,9792;1,9025;FR91;48,7086;2,3132
;;Chateauroux (FR36);Jourgnac (FR87);14/03/2024 à 10:00;14/03/2024 à 17:00 Rdv 15:00-17:00;;;;;;;FR36);46,8091;1,6911;FR87;45,7202;0,8562
;;Lagnieu (FR01);Besançon (FR25);14/03/2024 à 08:30;14/03/2024 à 14:00 Rdv 12:00-14:00;;;;;;;FR01);45,9319;5,3201;FR25;47,238022;6,024362
;;Lille (FR59);Bondues (FR59);12/03/2024 à 09:00;12/03/2024 à 15:30;;;;;;;FR59);50,6333;3,0667;FR59;50,69326;3,08219
;aller;Péronne (FR80);Boulogne-sur-mer (FR62);11/03/2024 à 09:00;11/03/2024 à 12:00;;;;;;;FR80);49,9306;2,9339;FR62;50,7281;1,6149
;retour;Boulogne-sur-mer (FR62);Péronne (FR80);11/03/2024 à 15:00;11/03/2024 à 17:00 Rdv 15:00-17:00;;;;;;;FR62);50,7269;1,6144;FR80;49,93111;2,93708
;;Bassens (FR33);Bordeaux (FR33);13/03/2024 à 08:30;13/03/2024 à 12:00 Rdv 10:00-12:00;;;;;;;FR33);44,8873;-0,5516;FR33;44,841225;-0,580036
;;Bordeaux (FR33);Ambarès-et-lagrave (FR33);13/03/2024 à 10:00 Rdv 10:00-12:00;13/03/2024 à 16:00;;;;;;;FR33);44,8374;-0,5761;FR33;44,8958;-0,5481
;aller;Péronne (FR80);Boulogne-sur-mer (FR62);12/03/2024 à 09:00;12/03/2024 à 12:00;;;;;;;FR80);49,9306;2,9339;FR62;50,7281;1,6149
;retour;Boulogne-sur-mer (FR62);Péronne (FR80);12/03/2024 à 15:00;12/03/2024 à 17:00 Rdv 15:00-17:00;;;;;;;FR62);50,7269;1,6144;FR80;49,93111;2,93708
;aller;Péronne (FR80);Boulogne-sur-mer (FR62);13/03/2024 à 09:00;13/03/2024 à 12:00;;;;;;;FR80);49,9306;2,9339;FR62;50,7281;1,6149
;retour;Boulogne-sur-mer (FR62);Péronne (FR80);13/03/2024 à 15:00;13/03/2024 à 17:00 Rdv 15:00-17:00;;;;;;;FR62);50,7269;1,6144;FR80;49,93111;2,93708
;aller;Péronne (FR80);Boulogne-sur-mer (FR62);14/03/2024 à 09:00;14/03/2024 à 12:00;;;;;;;FR80);49,9306;2,9339;FR62;50,7281;1,6149
;retour;Boulogne-sur-mer (FR62);Péronne (FR80);14/03/2024 à 15:00;14/03/2024 à 17:00 Rdv 15:00-17:00;;;;;;;FR62);50,7269;1,6144;FR80;49,93111;2,93708
;españa;Burgos (ES09);Valladolid (ES47);11/03/2024 à 09:00;11/03/2024 à 16:00;;;;;;;ES09);42,3434;-3,696;ES47;41,652834;-4,728255
;;Vénissieux (FR69);Bergerac (FR24);08/03/2024 à 15:30;09/03/2024 à 13:45 Rdv 11:45-13:45;;;;;;;FR69);45,6964;4,8828;FR24;44,850069;0,48371
;;Bergerac (FR24);Villeneuve-d'ascq (FR59);09/03/2024 à 11:45 Rdv 11:45-13:45;11/03/2024 à 11:45;;;;;;;FR24);44,85;0,4833;FR59;50,6278;3,14888
;;Gramat (FR46);Toulouse (FR31);09/03/2024 à 09:00;09/03/2024 à 12:15;;;;;;;FR46);44,7667;1,7167;FR31;43,604652;1,444209
;;Charleroi (BE60);Antwerpen (BE20);14/03/2024 à 09:00;14/03/2024 à 15:00;;;;;;;BE60);50,4167;4,4333;BE20;51,22111;4,399708
;;Namur (BE51);Antwerpen (BE20);11/03/2024 à 09:00;11/03/2024 à 15:00;;;;;;;BE51);50,4669;4,8675;BE20;51,22111;4,399708
;;Hasselt (BE35);Antwerpen (BE20);14/03/2024 à 09:00;14/03/2024 à 15:00;;;;;;;BE35);50,9311;5,3378;BE20;51,22111;4,399708
;;Hasselt (BE35);Antwerpen (BE20);14/03/2024 à 09:00;14/03/2024 à 15:00;;;;;;;BE35);50,9311;5,3378;BE20;51,22111;4,399708
;;Drogenbos (BE16);Antwerpen (BE20);14/03/2024 à 09:00;14/03/2024 à 15:00;;;;;;;BE16);50,7861;4,3071;BE20;51,22111;4,399708
;;Drogenbos (BE16);Antwerpen (BE20);14/03/2024 à 09:00;14/03/2024 à 15:00;;;;;;;BE16);50,7861;4,3071;BE20;51,22111;4,399708
;;Charleroi (BE60);Antwerpen (BE20);14/03/2024 à 09:00;14/03/2024 à 15:00;;;;;;;BE60);50,4167;4,4333;BE20;51,22111;4,399708
;;Charleroi (BE60);Antwerpen (BE20);14/03/2024 à 09:00;14/03/2024 à 15:00;;;;;;;BE60);50,4167;4,4333;BE20;51,22111;4,399708
;;Charleroi (BE60);Antwerpen (BE20);14/03/2024 à 09:00;14/03/2024 à 15:00;;;;;;;BE60);50,4167;4,4333;BE20;51,22111;4,399708
;;Hasselt (BE35);Antwerpen (BE20);14/03/2024 à 09:00;14/03/2024 à 15:00;;;;;;;BE35);50,9311;5,3378;BE20;51,22111;4,399708
;;Dilbeek (BE17);Antwerpen (BE20);14/03/2024 à 09:00;14/03/2024 à 15:00;;;;;;;BE17);50,8471;4,2604;BE20;51,22111;4,399708
;;Dilbeek (BE17);Antwerpen (BE20);14/03/2024 à 09:00;14/03/2024 à 15:00;;;;;;;BE17);50,8471;4,2604;BE20;51,22111;4,399708
;;Diksmuide (BE86);Antwerpen (BE20);14/03/2024 à 09:00;14/03/2024 à 15:00;;;;;;;BE86);51,0368;2,8626;BE20;51,22111;4,399708
;;Overijse (BE30);Antwerpen (BE20);14/03/2024 à 09:00;14/03/2024 à 15:00;;;;;;;BE30);50,7673;4,5303;BE20;51,22111;4,399708
;;Overijse (BE30);Antwerpen (BE20);14/03/2024 à 09:00;14/03/2024 à 15:00;;;;;;;BE30);50,7673;4,5303;BE20;51,22111;4,399708
